fixture	arena	typed_type_classes	typed_type_excess	backend	executables	typed_executable_classes	typed_executable_excess
fixtures2/00001_quicksort_plus_foo.fz	80	72	8	1	17	17	0
fixtures2/00002_types_top_level.fz	22	22	0	1	1	1	0
fixtures2/00003_type_refs.fz	1	1	0	0	0	0	0
fixtures2/00004_typedefs.fz	22	22	0	1	1	1	0
fixtures2/00005_brand.fz	22	22	0	1	1	1	0
fixtures2/00006_protocol_domain.fz	1	1	0	0	0	0	0
fixtures2/00007_runtime_refs.fz	30	29	1	1	5	5	0
fixtures2/00008_callsite_fact_surface.fz	22	22	0	1	2	2	0
fixtures2/00009_no_runtime.fz	22	22	0	1	1	1	0
fixtures2/00010_enum_reduce_main.fz	153	146	7	1	11	11	0
fixtures2/00011_cond_specialization.fz	42	41	1	1	7	7	0
fixtures2/00012_projection_boundary_abi.fz	30	30	0	1	3	3	0
fixtures2/00013_variadic_open.fz	27	27	0	1	2	2	0
fixtures2/00014_unresolved_callable_boundary.fz	20	20	0	0	0	0	0
fixtures2/00015_variadic_open_jit.fz	27	27	0	1	2	2	0
fixtures2/00016_spawn_then_receive.fz	34	33	1	1	6	6	0
fixtures2/00017_spawn_receive_assert.fz	43	42	1	1	11	11	0
fixtures2/00018_tail_recursion.fz	31	30	1	1	6	6	0
fixtures2/00019_quicksort_entry.fz	80	72	8	1	17	17	0
fixtures2/00020_quicksort_jit_entry.fz	80	72	8	1	17	17	0
fixtures2/00021_variadic_printf.fz	27	27	0	1	2	2	0
fixtures2/00022_typed_dispatch.fz	34	33	1	1	5	5	0
fixtures2/00023_backend_interp_self_send.fz	33	32	1	1	5	5	0
fixtures2/00024_backend_interp_spawn.fz	35	33	2	1	6	6	0
fixtures2/00025_backend_interp_spawn_opt.fz	38	36	2	1	6	6	0
fixtures2/00026_make_resource.fz	43	41	2	1	5	5	0
fixtures2/00027_foo_99.fz	1	1	0	0	0	0	0
fixtures2/00028_helper_roots.fz	26	26	0	1	2	2	0
fixtures2/00029_positive_gte.fz	1	1	0	0	0	0	0
fixtures2/00030_foo_42.fz	1	1	0	0	0	0	0
fixtures2/00031_local_lambda.fz	35	34	1	1	4	4	0
fixtures2/00032_lambda_recursion.fz	50	48	2	1	10	10	0
fixtures2/00033_clause_projections.fz	1	1	0	0	0	0	0
fixtures2/00034_lambda_capture.fz	1	1	0	0	0	0	0
fixtures2/00035_local_match.fz	25	25	0	1	1	1	0
fixtures2/00036_guard_helpers.fz	1	1	0	0	0	0	0
fixtures2/00037_guard_destructure.fz	1	1	0	0	0	0	0
fixtures2/00038_guard_cycle.fz	1	1	0	0	0	0	0
fixtures2/00039_guard_impure.fz	1	1	0	0	0	0	0
fixtures2/00040_entry_dispatch_aliases.fz	1	1	0	0	0	0	0
fixtures2/00041_entry_dispatch_single.fz	1	1	0	0	0	0	0
fixtures2/00042_blast_radius_v1.fz	1	1	0	0	0	0	0
fixtures2/00044_nested_modules.fz	1	1	0	0	0	0	0
fixtures2/00045_import_only.fz	1	1	0	0	0	0	0
fixtures2/00046_import_only_unknown.fz	1	1	0	0	0	0	0
fixtures2/00047_import_all.fz	1	1	0	0	0	0	0
fixtures2/00048_import_except.fz	1	1	0	0	0	0	0
fixtures2/00049_resolve_spec.fz	1	1	0	0	0	0	0
fixtures2/00050_empty.fz	1	1	0	0	0	0	0
fixtures2/00051_module_app_run.fz	1	1	0	0	0	0	0
fixtures2/00052_variadic_open_too_few.fz	20	20	0	0	0	0	0
fixtures2/00053_module_qualifies_fn.fz	1	1	0	0	0	0	0
fixtures2/00054_top_level_bare_fn.fz	1	1	0	0	0	0	0
fixtures2/00055_sibling_call_qualifies.fz	1	1	0	0	0	0	0
fixtures2/00056_cross_module_call.fz	1	1	0	0	0	0	0
fixtures2/00057_param_shadows_fn_name.fz	1	1	0	0	0	0	0
fixtures2/00058_nested_module_dotted.fz	1	1	0	0	0	0	0
fixtures2/00059_nested_call_from_outside.fz	26	26	0	1	2	2	0
fixtures2/00060_alias_expands_module_path.fz	1	1	0	0	0	0	0
fixtures2/00061_alias_with_as_rename.fz	1	1	0	0	0	0	0
fixtures2/00062_import_unfiltered_all.fz	1	1	0	0	0	0	0
fixtures2/00063_import_only_filter.fz	1	1	0	0	0	0	0
fixtures2/00064_local_fn_shadows_import.fz	1	1	0	0	0	0	0
fixtures2/00065_import_undefined_module.fz	1	1	0	0	0	0	0
fixtures2/00066_alias_undefined_module.fz	1	1	0	0	0	0	0
fixtures2/00067_import_wrong_arity.fz	1	1	0	0	0	0	0
fixtures2/00068_import_except_wrong_arity.fz	1	1	0	0	0	0	0
fixtures2/00069_import_from_external_interface.fz	1	1	0	0	0	0	0
fixtures2/00070_import_runtime_stdlib.fz	1	1	0	0	0	0	0
fixtures2/00071_alias_runtime_stdlib.fz	1	1	0	0	0	0	0
fixtures2/00072_qualified_runtime_call.fz	1	1	0	0	0	0	0
fixtures2/00073_runtime_protocol_impl.fz	1	1	0	0	0	0	0
fixtures2/00074_import_non_exported_name.fz	1	1	0	0	0	0	0
fixtures2/00075_conflicting_imports.fz	1	1	0	0	0	0	0
fixtures2/00076_duplicate_import_idempotent.fz	1	1	0	0	0	0	0
fixtures2/00077_top_level_import.fz	34	33	1	1	4	4	0
fixtures2/00078_top_level_alias.fz	25	25	0	1	2	2	0
fixtures2/00079_type_aliases_in_module.fz	1	1	0	0	0	0	0
fixtures2/00080_type_alias_uses_stdlib.fz	1	1	0	0	0	0	0
fixtures2/00081_struct_type_alias_fields.fz	1	1	0	0	0	0	0
fixtures2/00082_struct_type_alias_mismatch.fz	1	1	0	0	0	0	0
fixtures2/00083_spec_uses_stdlib_alias.fz	1	1	0	0	0	0	0
fixtures2/00084_spec_attaches_to_fn.fz	1	1	0	0	0	0	0
fixtures2/00085_spec_zero_arity.fz	1	1	0	0	0	0	0
fixtures2/00086_spec_arity_mismatch.fz	1	1	0	0	0	0	0
fixtures2/00087_spec_name_mismatch.fz	1	1	0	0	0	0	0
fixtures2/00088_spec_without_fn.fz	1	1	0	0	0	0	0
fixtures2/00089_spec_multiple_overloads.fz	1	1	0	0	0	0	0
fixtures2/00090_spec_unknown_type.fz	1	1	0	0	0	0	0
fixtures2/00091_spec_resolves_local_types.fz	1	1	0	0	0	0	0
fixtures2/00092_type_alias_top_level.fz	22	22	0	1	1	1	0
fixtures2/00093_outer_sibling_not_shadowed.fz	1	1	0	0	0	0	0
fixtures2/00094_protocol_impl_registry.fz	1	1	0	0	0	0	0
fixtures2/00095_protocol_domain_refines.fz	1	1	0	0	0	0	0
fixtures2/00096_protocol_impl_missing_callback.fz	1	1	0	0	0	0	0
fixtures2/00097_protocol_duplicate_impl.fz	1	1	0	0	0	0	0
fixtures2/00098_protocol_impl_wrong_arity.fz	1	1	0	0	0	0	0
fixtures2/00099_protocol_overload_specs.fz	1	1	0	0	0	0	0
fixtures2/00100_protocol_overload_uncovered.fz	1	1	0	0	0	0	0
fixtures2/00111_macro_quote_unquote.fz	33	32	1	1	3	3	0
fixtures2/00112_macro_multiple_calls.fz	33	32	1	1	6	6	0
fixtures2/00113_macro_splices_fn_call.fz	34	33	1	1	4	4	0
fixtures2/00114_nested_macro_expansion.fz	35	34	1	1	3	3	0
fixtures2/00115_macro_args_quoted_ast.fz	33	32	1	1	3	3	0
fixtures2/00116_runaway_macro_loop.fz	22	22	0	0	0	0	0
fixtures2/00117_macro_hygiene_local.fz	30	30	0	1	1	1	0
fixtures2/00118_macro_hygiene_unquote.fz	33	32	1	1	3	3	0
fixtures2/00119_macro_hygiene_gensym.fz	43	42	1	1	3	3	0
fixtures2/00120_cross_module_macro.fz	37	36	1	1	5	5	0
fixtures2/00121_imported_macro_unqualified.fz	36	35	1	1	4	4	0
fixtures2/00122_item_macro_compiler_ast.fz	32	32	0	1	2	2	0
fixtures2/00123_item_macro_list_of_compiler_ast_functions.fz	49	48	1	1	5	5	0
fixtures2/00124_item_macro_compiler_ast_in_module.fz	34	34	0	1	2	2	0
fixtures2/00125_plain_arithmetic.fz	31	30	1	1	3	3	0
fixtures2/00126_pipe_operator.fz	32	31	1	1	4	4	0
fixtures2/00127_operator_sugar_rewrites.fz	50	43	7	1	10	8	2
fixtures2/00128_membership_sugar_rewrites.fz	57	54	3	1	6	6	0
fixtures2/00129_capture_shorthand_lambda.fz	35	34	1	1	4	4	0
fixtures2/00130_bare_capture_identity.fz	26	26	0	1	2	2	0
fixtures2/00131_multi_clause_lambda.fz	34	34	0	1	2	2	0
fixtures2/00141_spec_param_type_match.fz	40	39	1	1	6	6	0
fixtures2/00142_spec_float_disjoint.fz	35	35	0	0	0	0	0
fixtures2/00143_spec_multi_overload_echo.fz	37	36	1	1	7	7	0
fixtures2/00144_spec_swapped_overload_echo.fz	37	36	1	1	7	7	0
fixtures2/00145_spec_type_alias.fz	33	33	0	1	4	4	0
fixtures2/00146_protocol_spec_known_impl.fz	40	40	0	1	4	4	0
fixtures2/00147_protocol_spec_no_impl.fz	38	38	0	1	4	4	0
fixtures2/00148_spec_unknown_type_alias.fz	32	32	0	1	4	4	0
fixtures2/00149_fn_without_spec.fz	39	38	1	1	6	6	0
fixtures2/00150_spec_top_level_fn.fz	30	30	0	1	4	4	0
fixtures2/00151_wildcard_makes_unreachable.fz	24	24	0	1	2	2	0
fixtures2/00152_case_wildcard_unreachable.fz	25	25	0	1	2	2	0
fixtures2/00153_specific_then_wildcard.fz	26	26	0	1	2	2	0
fixtures2/00154_inexhaustive_literal_clauses.fz	26	26	0	1	2	2	0
fixtures2/00155_inexhaustive_case.fz	27	27	0	1	2	2	0
fixtures2/00156_unbound_name_error.fz	20	20	0	0	0	0	0
fixtures2/00157_cross_module_import.fz	1	1	0	0	0	0	0
fixtures2/00171_add_operator_flow.fz	36	35	1	1	6	6	0
fixtures2/00172_fold_tail_recursive.fz	58	54	4	1	8	8	0
fixtures2/00173_fold_nontail_finish.fz	58	54	4	1	9	9	0
fixtures2/00174_fold_capture_int.fz	58	54	4	1	8	8	0
fixtures2/00175_fold_capture_closure.fz	63	58	5	1	9	9	0
fixtures2/00176_fold_state_machine.fz	70	65	5	1	10	10	0
fixtures2/00177_enum_reduce_list_lambda.fz	157	149	8	1	13	13	0
fixtures2/00178_enum_reduce_named_ref_ok.fz	160	152	8	1	13	13	0
fixtures2/00179_enum_count_list.fz	61	58	3	1	10	10	0
fixtures2/00180_enum_reduce_range.fz	156	151	5	1	19	19	0
fixtures2/00181_enum_reduce_operator_ref.fz	154	147	7	1	10	10	0
fixtures2/00182_enum_reduce_erased_list.fz	155	148	7	1	11	11	0
fixtures2/00183_enum_take_list_range.fz	233	218	15	1	55	55	0
fixtures2/00184_receive_cont_capture.fz	25	25	0	1	2	2	0
fixtures2/00185_spawn_receive_capture.fz	47	46	1	1	12	12	0
fixtures2/00186_spawn_plain_child.fz	34	33	1	1	4	4	0
fixtures2/00187_string_literal_id.fz	23	23	0	1	2	2	0
fixtures2/00188_enum_reduce_ill_typed.fz	157	149	8	0	0	0	0
fixtures2/00189_arithmetic_all_binops.fz	34	33	1	1	17	17	0
fixtures2/00190_arithmetic_any_operands.fz	1	1	0	0	0	0	0
fixtures2/00191_poly_id_direct.fz	26	26	0	1	3	3	0
fixtures2/00192_poly_named_ref.fz	29	29	0	1	3	3	0
fixtures2/00193_named_ref_thin.fz	24	24	0	1	2	2	0
fixtures2/00194_zero_capture_lambda.fz	24	24	0	1	2	2	0
fixtures2/00195_lambda_capture_closure.fz	32	32	0	1	6	6	0
fixtures2/00196_poly_named_ref_pattern.fz	32	31	1	1	3	3	0
fixtures2/00197_poly_capture_ref.fz	33	33	0	1	4	4	0
fixtures2/00198_match_atom_partition.fz	29	28	1	1	3	3	0
fixtures2/00199_match_list_partition.fz	31	30	1	1	3	3	0
fixtures2/00200_match_list_binding.fz	30	29	1	1	3	3	0
fixtures2/00201_match_tuple_binding.fz	30	29	1	1	3	3	0
fixtures2/00202_match_nested_binding.fz	32	31	1	1	3	3	0
fixtures2/00203_match_nested_partition.fz	36	35	1	1	4	4	0
fixtures2/00204_match_tuple_tag.fz	32	31	1	1	3	3	0
fixtures2/00205_match_tuple_arity.fz	35	34	1	1	4	4	0
fixtures2/00206_match_guard_clause.fz	29	29	0	1	2	2	0
fixtures2/00207_match_map_binding.fz	30	29	1	1	3	3	0
fixtures2/00221_large_int_arithmetic.fz	31	30	1	1	3	3	0
fixtures2/00222_protocol_dispatch_integer.fz	37	36	1	1	4	4	0
fixtures2/00223_float_addition.fz	31	30	1	1	3	3	0
fixtures2/00224_float_in_list_dbg.fz	31	31	0	1	3	3	0
fixtures2/00225_named_fn_ref_no_alloc.fz	30	29	1	1	3	3	0
fixtures2/00226_zero_capture_lambda.fz	30	29	1	1	3	3	0
fixtures2/00227_lambda_capture_outer.fz	38	36	2	1	5	5	0
fixtures2/00228_case_joined_fn_ref.fz	45	44	1	1	7	7	0
fixtures2/00229_enum_reduce_lambda.fz	153	146	7	1	11	11	0
fixtures2/00230_enum_take_chained.fz	233	218	15	1	55	55	0
fixtures2/00231_joined_fn_refs_enum_reduce.fz	177	165	12	1	19	19	0
fixtures2/00232_float_equality_in_list.fz	29	29	0	1	3	3	0
fixtures2/00233_receive_float_in_list.fz	35	34	1	1	5	5	0
fixtures2/00234_large_int_send_receive.fz	33	32	1	1	5	5	0
fixtures2/00235_large_int_list_head.fz	25	25	0	1	2	2	0
fixtures2/00236_large_int_map_get.fz	24	24	0	1	1	1	0
fixtures2/00237_scalars_from_containers.fz	40	40	0	1	5	5	0
fixtures2/00238_heap_values_from_containers.fz	40	40	0	1	5	5	0
fixtures2/00239_typed_int_dispatch.fz	32	31	1	1	4	4	0
fixtures2/00240_large_int_from_spawn.fz	38	37	1	1	9	9	0
fixtures2/00241_pinned_ref_receive.fz	41	40	1	1	9	9	0
fixtures2/00242_spawn_tagged_receive.fz	42	40	2	1	11	11	0
fixtures2/00243_receive_after_zero.fz	29	29	0	1	3	3	0
fixtures2/00244_out_of_order_receive.fz	61	60	1	1	13	13	0
fixtures2/00245_receive_map_pattern.fz	42	41	1	1	9	9	0
fixtures2/00246_receive_map_nil_value.fz	46	45	1	1	11	11	0
fixtures2/00247_selective_refs_stress.fz	75	72	3	1	22	22	0
fixtures2/00248_make_resource_dtor.fz	49	47	2	1	8	8	0
fixtures2/00249_aliased_resource_dtor.fz	49	47	2	1	8	8	0
fixtures2/00250_two_distinct_resources.fz	49	47	2	1	8	8	0
fixtures2/00251_opaque_resource_value.fz	57	55	2	1	11	11	0
fixtures2/00252_variadic_open_dynamic.fz	29	29	0	1	3	3	0
fixtures2/00253_variadic_float_error.fz	28	28	0	1	2	2	0
fixtures2/00271_two_module_cross_call.fz	34	33	1	1	5	5	0
fixtures2/00272_protocol_impl_dispatch.fz	31	31	0	1	3	3	0
fixtures2/00273_integer_protocol_dispatch.fz	37	36	1	1	4	4	0
fixtures2/00274_closed_union_protocol.fz	45	44	1	1	6	6	0
fixtures2/00276_enum_to_list_and_map.fz	194	182	12	1	27	25	2
fixtures2/00277_enum_tier0_fixture.fz	660	602	58	1	178	176	2
fixtures2/00278_enum_count_predicate.fz	171	160	11	1	17	17	0
fixtures2/00279_enum_find_find_value.fz	171	152	19	1	23	23	0
fixtures2/00280_enum_find_index.fz	147	130	17	1	24	24	0
fixtures2/00281_opaque_reducer_closure.fz	181	168	13	1	21	21	0
fixtures2/00282_enumerable_reduce_done_halt.fz	141	131	10	1	12	12	0
fixtures2/00283_enum_reduce_while_shape.fz	112	106	6	1	15	15	0
fixtures2/00284_enum_find_early_halt.fz	117	106	11	1	15	15	0
fixtures2/00285_enum_sort_stable.fz	146	124	22	1	31	29	2
fixtures2/00286_atom_ok.fz	22	22	0	1	1	1	0
fixtures2/00287_nil_true_false_atoms.fz	22	22	0	1	1	1	0
fixtures2/00288_spawn_with_captures.fz	47	46	1	1	12	12	0
fixtures2/00289_plain_spawn.fz	34	33	1	1	4	4	0
fixtures2/00290_spawn_send_receive.fz	39	37	2	1	8	8	0
fixtures2/00291_spawn_child_receive.fz	34	33	1	1	6	6	0
fixtures2/00292_map_build_process.fz	23	23	0	1	1	1	0
fixtures2/00293_int_addition.fz	31	30	1	1	3	3	0
fixtures2/00294_arith_chain.fz	31	30	1	1	5	5	0
fixtures2/00295_if_then_else.fz	27	27	0	1	3	3	0
fixtures2/00296_dbg_print.fz	36	35	1	1	5	5	0
fixtures2/00297_heap_alloc_stats.fz	32	31	1	1	7	7	0
fixtures2/00298_assert_refute.fz	30	30	0	1	4	4	0
fixtures2/00299_unary_neg.fz	23	23	0	1	1	1	0
fixtures2/00300_add1_call.fz	32	31	1	1	4	4	0
fixtures2/00301_nontail_call_binop.fz	32	31	1	1	4	4	0
fixtures2/00302_factorial_pattern_match.fz	32	31	1	1	6	6	0
fixtures2/00303_factorial_deep_recursion.fz	32	31	1	1	6	6	0
fixtures2/00304_tail_recursive_count.fz	31	30	1	1	6	6	0
fixtures2/00305_atom_bool_dbg.fz	34	34	0	1	7	7	0
fixtures2/00306_atom_keyed_map.fz	32	32	0	1	3	3	0
fixtures2/00307_map_key_access.fz	34	33	1	1	3	3	0
fixtures2/00308_map_update_immutable.fz	32	32	0	1	3	3	0
fixtures2/00309_bitstring_literal.fz	30	30	0	1	3	3	0
fixtures2/00310_binary_pattern_header.fz	34	34	0	1	4	4	0
fixtures2/00311_binary_variable_size.fz	34	34	0	1	4	4	0
fixtures2/00312_tuple_pair_dbg.fz	30	30	0	1	3	3	0
fixtures2/00313_tuple_destructure.fz	34	33	1	1	5	5	0
fixtures2/00314_mixed_type_tuple.fz	32	32	0	1	3	3	0
fixtures2/00315_list_literal_dbg.fz	30	30	0	1	3	3	0
fixtures2/00316_sum_list_head_tail.fz	37	35	2	1	4	4	0
fixtures2/00317_double_negation.fz	23	23	0	1	1	1	0
fixtures2/00318_mutual_recursion_even_odd.fz	35	34	1	1	5	5	0
fixtures2/00319_apply_fn_ref.fz	39	37	2	1	5	5	0
fixtures2/00320_closure_captures_local.fz	35	34	1	1	5	5	0
fixtures2/00321_higher_order_map.fz	51	47	4	1	7	7	0
fixtures2/00322_list_structural_eq.fz	28	28	0	1	3	3	0
fixtures2/00323_list_eq_length_mismatch.fz	28	28	0	1	3	3	0
fixtures2/00324_tuple_structural_eq.fz	29	29	0	1	3	3	0
fixtures2/00325_tuple_eq_arity_mismatch.fz	29	29	0	1	3	3	0
fixtures2/00326_bitstring_structural_eq.fz	28	28	0	1	3	3	0
fixtures2/00327_map_eq_order_independent.fz	30	30	0	1	3	3	0
fixtures2/00328_map_eq_value_mismatch.fz	30	30	0	1	3	3	0
fixtures2/00329_heterogeneous_kinds_neq.fz	29	29	0	1	3	3	0
fixtures2/00330_nested_map_list_eq.fz	30	30	0	1	3	3	0
fixtures2/00331_neq_operator.fz	28	28	0	1	3	3	0
fixtures2/00332_float_literal.fz	22	22	0	1	1	1	0
fixtures2/00333_float_dbg_render.fz	30	30	0	1	3	3	0
fixtures2/00334_float_arithmetic.fz	33	32	1	1	5	5	0
fixtures2/00335_mixed_int_float_arith.fz	34	33	1	1	5	5	0
fixtures2/00336_int_float_strict_eq.fz	28	28	0	1	3	3	0
fixtures2/00337_float_literal_eq.fz	28	28	0	1	3	3	0
fixtures2/00338_float_comparison.fz	28	28	0	1	3	3	0
fixtures2/00339_float_bitstring_field.fz	23	23	0	1	1	1	0
fixtures2/00340_float_list_head.fz	23	23	0	1	1	1	0
fixtures2/00341_float_in_list_render.fz	31	31	0	1	3	3	0
fixtures2/00342_float_list_head_project.fz	25	25	0	1	2	2	0
fixtures2/00343_float_in_list_eq.fz	29	29	0	1	3	3	0
fixtures2/00344_map_float_value.fz	24	24	0	1	1	1	0
fixtures2/00345_map_float_key.fz	23	23	0	1	1	1	0
fixtures2/00346_self_apply_tail_call.fz	42	40	2	1	6	6	0
fixtures2/00347_compose_nontail_chain.fz	56	52	4	1	15	15	0
fixtures2/00348_dbg_returns_value.fz	36	35	1	1	5	5	0
fixtures2/00349_nil_not_empty_list.fz	25	24	1	1	2	2	0
fixtures2/00350_empty_list_not_nil.fz	25	24	1	1	2	2	0
fixtures2/00351_cons_clause_fallthrough.fz	40	39	1	1	7	7	0
fixtures2/00352_recursive_cons_clause.fz	42	40	2	1	7	7	0
fixtures2/00353_nil_vs_empty_list_dbg.fz	32	32	0	1	5	5	0
fixtures2/00354_make_resource_dtor.fz	43	41	2	1	5	5	0
fixtures2/00355_aliased_resource_dtor.fz	43	41	2	1	5	5	0
fixtures2/00356_two_distinct_resources.fz	43	41	2	1	5	5	0
fixtures2/00381_choose_closure_branch.fz	36	35	1	1	5	5	0
fixtures2/00382_add1_call_fuse.fz	36	35	1	1	6	6	0
fixtures2/00383_typetest_dead_branch_fold.fz	31	31	0	1	4	4	0
fixtures2/00384_closure_predicate_wrapper.fz	86	76	10	1	20	19	1
fixtures2/00385_tuple_destructure_demand.fz	33	33	0	1	5	5	0
fixtures2/00386_quicksort_return_shapes.fz	57	50	7	1	6	6	0
fixtures2/00387_empty_list_dispatch.fz	32	32	0	1	4	4	0
fixtures2/00388_wildcard_param_hole.fz	32	32	0	1	5	5	0
fixtures2/00389_poly_id_direct_call.fz	26	26	0	1	3	3	0
fixtures2/00390_poly_named_ref.fz	29	29	0	1	3	3	0
fixtures2/00391_poly_capture_ref.fz	33	33	0	1	4	4	0
fixtures2/00392_named_ref_pattern_dispatch.fz	32	31	1	1	3	3	0
fixtures2/00393_atom_pattern_dispatch.fz	29	28	1	1	3	3	0
fixtures2/00394_list_pattern_dispatch.fz	31	30	1	1	3	3	0
fixtures2/00395_list_head_binding.fz	30	29	1	1	3	3	0
fixtures2/00396_tuple_pattern_binding.fz	30	29	1	1	3	3	0
fixtures2/00397_nested_pattern_binding.fz	32	31	1	1	3	3	0
fixtures2/00398_nested_pattern_partition.fz	36	35	1	1	4	4	0
fixtures2/00399_tuple_tag_partition.fz	32	31	1	1	3	3	0
fixtures2/00400_tuple_arity_partition.fz	35	34	1	1	4	4	0
fixtures2/00401_guard_partition.fz	29	29	0	1	2	2	0
fixtures2/00402_map_pattern_binding.fz	30	29	1	1	3	3	0
fixtures2/00403_tail_fold_closure.fz	58	54	4	1	8	8	0
fixtures2/00404_enum_reduce_list.fz	157	149	8	1	13	13	0
fixtures2/00405_enum_reduce_operator_ref.fz	154	147	7	1	10	10	0
fixtures2/00406_enum_reduce_range.fz	156	151	5	1	19	19	0
fixtures2/00407_spawn_plain.fz	34	33	1	1	4	4	0
fixtures2/00408_recursive_sum_fixpoint.fz	42	40	2	1	6	6	0
fixtures2/00409_higher_order_named_ref.fz	43	41	2	1	7	7	0
fixtures2/00410_spawn_closure_capture.fz	47	46	1	1	12	12	0
fixtures2/00411_closure_distinct_captures.fz	42	41	1	1	13	13	0
fixtures2/00412_closure_with_captures.fz	39	38	1	1	6	6	0
fixtures2/00413_protocol_static_dispatch.fz	29	29	0	1	2	2	0
fixtures2/00414_cross_module_provider.fz	1	1	0	0	0	0	0
fixtures2/00415_cross_module_user.fz	23	23	0	0	0	0	0
fixtures2/00416_protocol_provider.fz	1	1	0	0	0	0	0
fixtures2/00417_protocol_user.fz	23	23	0	0	0	0	0
fixtures2/00418_enum_count_range.fz	173	161	12	1	47	47	0
fixtures2/00419_enum_take_mixed.fz	233	218	15	1	55	55	0
fixtures2/00420_enum_take_drop_split.fz	1033	868	165	1	237	230	7
fixtures2/00421_reduce_cont_clause.fz	1	1	0	0	0	0	0
fixtures2/00422_protocol_impl_disjoint_spec.fz	30	30	0	1	2	2	0
fixtures2/00423_protocol_impl_compatible_spec.fz	29	29	0	1	2	2	0
fixtures2/00424_protocol_no_impl.fz	27	27	0	0	0	0	0
fixtures2/00425_protocol_impl_match.fz	29	29	0	1	2	2	0
fixtures2/00426_closed_union_protocol_dispatch.fz	45	44	1	1	6	6	0
fixtures2/00427_single_impl_protocol.fz	29	29	0	1	3	3	0
fixtures2/00428_open_union_protocol.fz	47	46	1	1	6	6	0
fixtures2/00429_external_impl_residual.fz	43	42	1	1	5	5	0
fixtures2/00430_opaque_value_accessor.fz	51	49	2	1	7	7	0
fixtures2/00431_opaque_accessor_no_diag.fz	1	1	0	0	0	0	0
fixtures2/00432_string_utf8_brand.fz	22	22	0	1	1	1	0
fixtures2/00433_opaque_pid_arithmetic.fz	40	39	1	0	0	0	0
fixtures2/00434_opaque_ref_arithmetic.fz	40	39	1	0	0	0	0
fixtures2/00435_opaque_equality_ok.fz	29	29	0	1	5	5	0
fixtures2/00436_plain_int_arithmetic.fz	31	30	1	1	3	3	0
fixtures2/00461_if_constant_cond_branch.fz	32	32	0	1	6	6	0
fixtures2/00462_if_tail_call_arm.fz	32	32	0	1	7	7	0
fixtures2/00463_case_call_in_clause.fz	30	30	0	1	5	5	0
fixtures2/00464_with_else_non_matching.fz	34	33	1	1	4	4	0
fixtures2/00465_if_comparison_cond.fz	32	32	0	1	7	7	0
fixtures2/00466_nontail_if_join_flow.fz	54	50	4	1	13	13	0
fixtures2/00467_nontail_case_join_flow.fz	46	44	2	1	7	7	0
fixtures2/00468_nontail_cond_join_flow.fz	50	48	2	1	9	9	0
fixtures2/00469_synthesized_branch_no_warn.fz	37	36	1	1	4	4	0
fixtures2/00470_closure_captures_outer.fz	1	1	0	0	0	0	0
fixtures2/00471_closure_no_captures.fz	1	1	0	0	0	0	0
fixtures2/00472_spawn_lambda_receive.fz	1	1	0	0	0	0	0
fixtures2/00473_unbound_var_error.fz	1	1	0	0	0	0	0
fixtures2/00474_unbound_callee_error.fz	1	1	0	0	0	0	0
fixtures2/00475_empty_case_error.fz	1	1	0	0	0	0	0
fixtures2/00476_guard_tuple_field_reuse.fz	1	1	0	0	0	0	0
fixtures2/00477_guard_list_head_reuse.fz	1	1	0	0	0	0	0
fixtures2/00478_guard_map_get_reuse.fz	1	1	0	0	0	0	0
fixtures2/00479_quote_unexpanded_error.fz	1	1	0	0	0	0	0
fixtures2/00480_extern_arity_mismatch.fz	20	20	0	0	0	0	0
fixtures2/00481_variadic_extern_too_few.fz	20	20	0	0	0	0	0
fixtures2/00482_case_guard_pure_fn.fz	26	26	0	1	1	1	0
fixtures2/00483_case_guard_multi_clause.fz	30	30	0	1	3	3	0
fixtures2/00484_guarded_cons_clause.fz	50	45	5	1	4	4	0
fixtures2/00485_receive_pinned_outer.fz	1	1	0	0	0	0	0
fixtures2/00486_receive_pinned_unbound.fz	1	1	0	0	0	0	0
fixtures2/00487_receive_multi_pattern.fz	1	1	0	0	0	0	0
fixtures2/00488_receive_impure_guard.fz	1	1	0	0	0	0	0
fixtures2/00501_integer_arithmetic.fz	31	30	1	1	3	3	0
fixtures2/00502_int_float_atom_list.fz	27	27	0	1	1	1	0
fixtures2/00503_utf8_valid_from_bytes.fz	52	52	0	1	17	17	0
fixtures2/00504_import_utf8_valid.fz	31	31	0	1	5	5	0
fixtures2/00505_alias_utf8_valid.fz	31	31	0	1	5	5	0
fixtures2/00506_variable_binding.fz	31	30	1	1	3	3	0
fixtures2/00507_var_immutable_in_expr.fz	31	30	1	1	4	4	0
fixtures2/00508_tuple_destructure.fz	33	32	1	1	3	3	0
fixtures2/00509_whitespace_assignment.fz	31	30	1	1	3	3	0
fixtures2/00510_match_failure_preserves.fz	25	25	0	1	1	1	0
fixtures2/00511_fn_defined_callable.fz	32	31	1	1	4	4	0
fixtures2/00512_spawn_send_receive.fz	44	42	2	1	10	10	0
fixtures2/00513_spawn_new_fn_resume.fz	45	43	2	1	11	11	0
fixtures2/00514_send_receive_self_list.fz	38	37	1	1	5	5	0
fixtures2/00515_spawn_receive_after.fz	41	40	1	1	8	8	0
fixtures2/00516_spawn2_heap_hint.fz	41	40	1	1	8	8	0
fixtures2/00517_recursive_fn_factorial.fz	32	31	1	1	6	6	0
fixtures2/00518_multiline_do_end_body.fz	32	31	1	1	6	6	0
fixtures2/00519_defmacro_inc.fz	33	32	1	1	3	3	0
fixtures2/00520_helper_calls_main.fz	36	35	1	1	6	6	0
fixtures2/00521_relay_process.fz	52	50	2	1	16	16	0
fixtures2/00522_multiline_double_fn.fz	36	35	1	1	6	6	0
fixtures2/00523_top_level_spec.fz	37	36	1	1	6	6	0
fixtures2/00524_fn_arity_replace.fz	31	30	1	1	4	4	0
fixtures2/00525_test_macro_assert.fz	32	32	0	0	0	0	0
fixtures2/00526_test_macro_fail.fz	32	32	0	0	0	0	0
fixtures2/00527_multiple_tests_mixed.fz	32	32	0	0	0	0	0
fixtures2/00528_test_fn_convention.fz	1	1	0	0	0	0	0
fixtures2/00529_protocol_reduce_fixpoint.fz	61	58	3	1	6	6	0
fixtures2/00530_utf8_module_import_main.fz	34	34	0	1	6	6	0
fixtures2/00531_elixir_binop_operators.fz	46	39	7	1	9	7	2
fixtures2/00532_elixir_parser_range_do_blocks.fz	20	20	0	0	0	0	0
fixtures2/00533_elixir_parser_range_no_parens.fz	20	20	0	0	0	0	0
fixtures2/00534_elixir_invalid_keyword_list_tuple_one.fz	1	1	0	0	0	0	0
fixtures2/00535_elixir_invalid_keyword_list_tuple_two.fz	1	1	0	0	0	0	0
fixtures2/00536_elixir_invalid_keyword_list_bitstring.fz	1	1	0	0	0	0	0
fixtures2/00537_elixir_expression_after_keyword_list_noparens_call.fz	1	1	0	0	0	0	0
fixtures2/00538_elixir_expression_after_keyword_list_paren_call.fz	1	1	0	0	0	0	0
fixtures2/00539_elixir_expression_after_keyword_list_list_literal.fz	1	1	0	0	0	0	0
fixtures2/00540_elixir_expression_after_keyword_list_map_literal.fz	1	1	0	0	0	0	0
fixtures2/00541_elixir_keyword_list_literals.fz	20	20	0	0	0	0	0
fixtures2/00542_elixir_keyword_list_do_operand.fz	25	25	0	1	1	1	0
fixtures2/00543_elixir_last_arg_keyword_list.fz	20	20	0	0	0	0	0
fixtures2/00544_elixir_keyword_missing_space_ident.fz	1	1	0	0	0	0	0
fixtures2/00545_elixir_keyword_missing_space_unary_plus.fz	1	1	0	0	0	0	0
fixtures2/00546_elixir_keyword_missing_space_unary_plus_int.fz	1	1	0	0	0	0	0
fixtures2/00547_compiler_contract_smoke.fz	39	37	2	1	5	5	0
fixtures2/00548_contract_ast_eval.fz	51	50	1	1	12	12	0
fixtures2/00549_contract_closure_typed_captures.fz	44	42	2	1	8	8	0
fixtures2/00550_contract_curried_add.fz	49	46	3	1	10	10	0
fixtures2/00551_contract_fib_tailrec.fz	37	36	1	1	8	8	0
fixtures2/00552_contract_multi_clause.fz	42	41	1	1	11	11	0
fixtures2/00553_match_map_nonatom_keys.fz	25	25	0	1	2	2	0
fixtures2/00554_spec_syntax_missing_return_type.fz	1	1	0	0	0	0	0
fixtures2/00555_bitstring_bad_modifier.fz	20	20	0	0	0	0	0
fixtures2/00556_bitstring_float_modifier.fz	20	20	0	0	0	0	0
fixtures2/00557_bitstring_bad_size.fz	20	20	0	0	0	0	0
fixtures2/behavior/a-aot_main_float_halt_kind.fz	22	22	0	1	1	1	0
fixtures2/behavior/a-resource_aot_dtor.fz	47	45	2	1	7	7	0
fixtures2/behavior/a_mixed.fz	202	183	19	1	29	29	0
fixtures2/behavior/actor_ring.fz	56	54	2	1	24	24	0
fixtures2/behavior/add1.fz	36	35	1	1	6	6	0
fixtures2/behavior/alias.fz	49	48	1	1	14	14	0
fixtures2/behavior/append.fz	62	58	4	1	15	15	0
fixtures2/behavior/assert_abort_message.fz	33	33	0	1	6	6	0
fixtures2/behavior/ast_eval.fz	54	53	1	1	15	15	0
fixtures2/behavior/attributes.fz	49	49	0	1	13	13	0
fixtures2/behavior/binary_concat_runtime.fz	38	38	0	1	10	10	0
fixtures2/behavior/boolean_operators.fz	44	44	0	1	12	12	0
fixtures2/behavior/boxed_callable_cps_sharing.fz	76	68	8	1	18	18	0
fixtures2/behavior/brand_refines_its_inner.fz	53	53	0	1	22	22	0
fixtures2/behavior/brand_rejects_a_bare_inner.fz	30	30	0	0	0	0	0
fixtures2/behavior/bsx_guard_eq.fz	53	52	1	1	11	11	0
fixtures2/behavior/bsx_nested_eq.fz	50	50	0	1	13	13	0
fixtures2/behavior/bsx_nested_match.fz	53	52	1	1	11	11	0
fixtures2/behavior/callable_union_capture_containment.fz	87	83	4	1	32	32	0
fixtures2/behavior/case_tuple_pattern_sequential.fz	40	39	1	1	10	10	0
fixtures2/behavior/case_with_total.fz	44	43	1	1	12	12	0
fixtures2/behavior/classify_two_clause.fz	38	38	0	1	9	9	0
fixtures2/behavior/closure_identity_captures.fz	54	51	3	1	10	10	0
fixtures2/behavior/closure_identity_tag_split.fz	68	63	5	1	17	17	0
fixtures2/behavior/closure_render_arity.fz	173	161	12	1	21	19	2
fixtures2/behavior/closure_threaded_recursion.fz	49	47	2	1	9	9	0
fixtures2/behavior/closure_threaded_recursion_callable.fz	52	50	2	1	12	12	0
fixtures2/behavior/closure_threaded_recursion_capture.fz	48	46	2	1	11	11	0
fixtures2/behavior/closure_typed_captures.fz	47	45	2	1	11	11	0
fixtures2/behavior/cold_fn.fz	36	35	1	1	6	6	0
fixtures2/behavior/concurrency_ping_pong.fz	43	42	1	1	11	11	0
fixtures2/behavior/cross_module_macro.fz	57	56	1	1	16	16	0
fixtures2/behavior/curried_add.fz	53	50	3	1	13	13	0
fixtures2/behavior/dead_closure_capture_empty_list.fz	194	167	27	1	31	31	0
fixtures2/behavior/defstruct_macro_runtime.fz	36	36	0	1	4	4	0
fixtures2/behavior/defstruct_runtime.fz	34	34	0	1	4	4	0
fixtures2/behavior/destructure_cons.fz	36	36	0	1	8	8	0
fixtures2/behavior/destructure_mixed.fz	38	38	0	1	9	9	0
fixtures2/behavior/destructure_tuple.fz	41	40	1	1	9	9	0
fixtures2/behavior/dispatch_annotated_tuple_tag_clauses.fz	39	38	1	1	8	8	0
fixtures2/behavior/dispatch_list_head_separates.fz	163	148	15	1	42	42	0
fixtures2/behavior/dispatch_nested_list_position_separates.fz	71	69	2	1	19	19	0
fixtures2/behavior/dispatch_seat_element_blind.fz	133	119	14	1	21	21	0
fixtures2/behavior/empty_list_distinct_from_nil.fz	34	34	0	1	7	7	0
fixtures2/behavior/enum_count_member_reduce.fz	201	188	13	1	26	26	0
fixtures2/behavior/enum_hof_three_distinct_closures.fz	221	184	37	1	33	33	0
fixtures2/behavior/enum_list_allocations.fz	203	195	8	1	35	35	0
fixtures2/behavior/enum_map_family.fz	585	522	63	1	153	149	4
fixtures2/behavior/enum_oracle_smoke.fz	102	90	12	1	21	20	1
fixtures2/behavior/enum_predicate_search.fz	611	502	109	1	166	166	0
fixtures2/behavior/enum_reduce_halt_arm_order.fz	148	141	7	1	21	21	0
fixtures2/behavior/enum_reduce_suspend.fz	112	105	7	1	15	15	0
fixtures2/behavior/enum_sort.fz	121	108	13	1	27	26	1
fixtures2/behavior/enum_take_drop_split.fz	1031	866	165	1	237	230	7
fixtures2/behavior/enum_tier0.fz	937	851	86	1	259	257	2
fixtures2/behavior/enumerable_protocol_dispatch.fz	75	71	4	1	26	26	0
fixtures2/behavior/fib_tailrec.fz	37	36	1	1	8	8	0
fixtures2/behavior/file_handle.fz	60	58	2	1	17	17	0
fixtures2/behavior/file_resource_lifecycle.fz	58	56	2	1	14	14	0
fixtures2/behavior/filter.fz	61	57	4	1	16	16	0
fixtures2/behavior/fn_ref_ampersand.fz	59	55	4	1	18	18	0
fixtures2/behavior/fz_f98_map_reduce.fz	323	307	16	1	51	51	0
fixtures2/behavior/fz_f98_range_map_converges.fz	330	304	26	1	60	60	0
fixtures2/behavior/fz_f98_range_reduce2.fz	200	194	6	1	28	28	0
fixtures2/behavior/fz_f98_range_reduce_scalar.fz	186	178	8	1	29	29	0
fixtures2/behavior/guard_calls_pure_user_fn.fz	41	41	0	1	9	9	0
fixtures2/behavior/hello.fz	42	41	1	1	11	11	0
fixtures2/behavior/higher_order.fz	56	52	4	1	15	15	0
fixtures2/behavior/hot_fn.fz	36	35	1	1	6	6	0
fixtures2/behavior/if_constant_cond_with_call.fz	39	38	1	1	9	9	0
fixtures2/behavior/if_tail_call_in_arm_narrowed.fz	32	32	0	1	7	7	0
fixtures2/behavior/if_tail_call_in_arm_unnarrowed.fz	32	32	0	1	7	7	0
fixtures2/behavior/ignored_call_result_lane_less_return.fz	29	29	0	1	4	4	0
fixtures2/behavior/import.fz	55	54	1	1	16	16	0
fixtures2/behavior/interp_only_main.fz	36	35	1	1	6	6	0
fixtures2/behavior/item_macro_source.fz	40	40	0	1	4	4	0
fixtures2/behavior/keyword_lists.fz	75	71	4	1	13	13	0
fixtures2/behavior/lambda_sugars.fz	51	50	1	1	9	9	0
fixtures2/behavior/list_literal_trailing_call.fz	175	168	7	1	20	20	0
fixtures2/behavior/list_primitives.fz	74	68	6	1	21	19	2
fixtures2/behavior/m_userstep_mixed.fz	60	57	3	1	16	16	0
fixtures2/behavior/macro_inc.fz	43	42	1	1	10	10	0
fixtures2/behavior/mailbox_closure_each.fz	193	178	15	1	31	31	0
fixtures2/behavior/mailbox_closure_enum_hofs.fz	269	249	20	1	53	53	0
fixtures2/behavior/mailbox_closure_invoke.fz	55	53	2	1	12	12	0
fixtures2/behavior/mailbox_closure_reduce.fz	211	195	16	1	41	41	0
fixtures2/behavior/mailbox_closure_twice.fz	59	57	2	1	16	16	0
fixtures2/behavior/make_ref_distinct.fz	35	35	0	1	8	8	0
fixtures2/behavior/map_enumerable.fz	270	257	13	1	76	76	0
fixtures2/behavior/map_three_path_parity.fz	45	45	0	1	12	12	0
fixtures2/behavior/membership_operator.fz	97	93	4	1	50	50	0
fixtures2/behavior/module_info.fz	58	57	1	1	16	16	0
fixtures2/behavior/modules.fz	56	55	1	1	19	19	0
fixtures2/behavior/multi_caller_spec_divergent.fz	52	49	3	1	12	12	0
fixtures2/behavior/multi_clause.fz	42	41	1	1	11	11	0
fixtures2/behavior/multi_clause_body_with_call.fz	34	34	0	1	8	8	0
fixtures2/behavior/multi_relay.fz	52	50	2	1	16	16	0
fixtures2/behavior/mutual_recursion.fz	42	41	1	1	8	8	0
fixtures2/behavior/native_tuple_accumulator_tail.fz	110	104	6	1	15	15	0
fixtures2/behavior/nested_modules.fz	54	53	1	1	17	17	0
fixtures2/behavior/nested_tuple_producer.fz	47	46	1	1	11	11	0
fixtures2/behavior/no_parens_call.fz	37	36	1	1	9	9	0
fixtures2/behavior/no_parens_do.fz	38	38	0	1	7	7	0
fixtures2/behavior/no_parens_keyword.fz	47	47	0	1	9	9	0
fixtures2/behavior/opaque_fn_all_divergent.fz	61	57	4	0	0	0	0
fixtures2/behavior/opaque_fn_each_discarded_return.fz	182	169	13	1	20	20	0
fixtures2/behavior/opaque_fn_mixed_return.fz	68	65	3	1	17	17	0
fixtures2/behavior/opaque_fn_value_join.fz	181	168	13	1	21	21	0
fixtures2/behavior/operator_sugars.fz	59	50	9	1	18	14	4
fixtures2/behavior/pipe_headless_case.fz	42	41	1	1	8	8	0
fixtures2/behavior/polymorphic.fz	40	40	0	1	12	12	0
fixtures2/behavior/process_heap_stats.fz	32	31	1	1	7	7	0
fixtures2/behavior/quicksort.fz	80	72	8	1	17	17	0
fixtures2/behavior/range_enumerable.fz	192	182	10	1	56	56	0
fixtures2/behavior/range_runtime.fz	35	34	1	1	7	7	0
fixtures2/behavior/receive_binary_pattern.fz	41	40	1	1	9	9	0
fixtures2/behavior/receive_bitstring_matcher.fz	40	39	1	1	9	9	0
fixtures2/behavior/receive_float_pattern.fz	41	40	1	1	9	9	0
fixtures2/behavior/receive_interleaved_tuple_arity.fz	59	58	1	1	13	13	0
fixtures2/behavior/receive_list_cons_pattern.fz	58	57	1	1	13	13	0
fixtures2/behavior/receive_map_heap_keys.fz	42	41	1	1	11	11	0
fixtures2/behavior/receive_map_pattern.fz	62	61	1	1	13	13	0
fixtures2/behavior/receive_mixed_constructors.fz	40	39	1	1	9	9	0
fixtures2/behavior/receive_selective_refs.fz	75	72	3	1	22	22	0
fixtures2/behavior/receive_shared_tuple_arity.fz	67	65	2	1	15	15	0
fixtures2/behavior/reduce_users_key_apart_by_element.fz	202	189	13	1	30	30	0
fixtures2/behavior/reduce_users_key_apart_by_element_flipped.fz	202	189	13	1	30	30	0
fixtures2/behavior/refute_abort_message.fz	33	33	0	1	6	6	0
fixtures2/behavior/relay.fz	52	50	2	1	16	16	0
fixtures2/behavior/repr_seam_closure_predicate.fz	86	76	10	1	20	19	1
fixtures2/behavior/repr_seam_enum_count_after_reduce2.fz	193	176	17	1	22	22	0
fixtures2/behavior/resource_index_payload_private.fz	49	47	2	1	7	7	0
fixtures2/behavior/resource_lifecycle.fz	54	52	2	1	10	10	0
fixtures2/behavior/returned_tuple_field_keys_its_users_apart.fz	66	65	1	1	12	12	0
fixtures2/behavior/reverse.fz	64	61	3	1	16	16	0
fixtures2/behavior/same_lambda_two_capture_types.fz	65	60	5	1	29	29	0
fixtures2/behavior/same_lambda_two_capture_types_dynamic.fz	72	69	3	1	30	30	0
fixtures2/behavior/sample_tests.fz	1	1	0	0	0	0	0
fixtures2/behavior/sample_tests_module.fz	1	1	0	0	0	0	0
fixtures2/behavior/shared_heap_send_large_bitstring.fz	42	40	2	1	9	9	0
fixtures2/behavior/spawn2_basic.fz	49	48	1	1	12	12	0
fixtures2/behavior/spawn_with_captures.fz	47	46	1	1	12	12	0
fixtures2/behavior/spec_boundary.fz	37	36	1	1	6	6	0
fixtures2/behavior/spec_mixed_protocol_concrete_violation.fz	38	38	0	0	0	0	0
fixtures2/behavior/spec_ok.fz	40	39	1	1	6	6	0
fixtures2/behavior/spec_polymorphic_clause_set_coverage.fz	55	54	1	1	4	4	0
fixtures2/behavior/spec_shared_var_self_composition.fz	48	45	3	1	5	5	0
fixtures2/behavior/spec_violation.fz	35	35	0	0	0	0	0
fixtures2/behavior/spec_violation_between_side_effects.fz	44	43	1	0	0	0	0
fixtures2/behavior/spec_violation_cross_kind_union.fz	44	43	1	0	0	0	0
fixtures2/behavior/static_closure_each.fz	173	162	11	1	18	18	0
fixtures2/behavior/struct_type_dispatch.fz	39	38	1	1	5	5	0
fixtures2/behavior/tail_recursion.fz	39	38	1	1	11	11	0
fixtures2/behavior/tailcall_closure_captures.fz	50	47	3	1	7	7	0
fixtures2/behavior/three_process_chain.fz	58	55	3	1	17	17	0
fixtures2/behavior/tree.fz	64	62	2	1	18	18	0
fixtures2/behavior/type_dispatch.fz	40	39	1	1	10	10	0
fixtures2/behavior/unused_range_binding.fz	169	157	12	1	36	36	0
fixtures2/behavior/utf8_equality.fz	33	33	0	1	7	7	0
fixtures2/behavior/utf8_literal_print.fz	30	30	0	1	3	3	0
fixtures2/behavior/utf8_pattern_match.fz	40	40	0	1	11	11	0
fixtures2/behavior/utf8_smart_constructor.fz	48	48	0	1	11	11	0
fixtures2/behavior/vr1_int_arith.fz	36	35	1	1	9	9	0
fixtures2/behavior/vr2_float_arith.fz	39	38	1	1	13	13	0
fixtures2/behavior/vr3_4_typed_capture.fz	36	35	1	1	9	9	0
fixtures2/behavior/vr3_float_args.fz	36	35	1	1	8	8	0
fixtures2/behavior/vr3_int_args.fz	37	36	1	1	6	6	0
fixtures2/behavior/vr4_2_native_call.fz	36	35	1	1	6	6	0
fixtures2/behavior/vr5a_cross_kind_eq.fz	33	33	0	1	5	5	0
fixtures2/behavior/vr5a_typed_eq.fz	36	36	0	1	9	9	0
fixtures2/behavior/vr5b_typed_print.fz	37	36	1	1	9	9	0
fixtures2/behavior/wildcard_then_specific.fz	35	35	0	1	8	8	0
fixtures2/behavior/with_index_users_keep_nested_list_elements.fz	263	242	21	1	47	47	0
fixtures2/behavior/with_index_users_key_apart_by_element.fz	264	246	18	1	46	46	0
