fixture	retained	prototype
fixtures2/00001_quicksort_plus_foo.fz	{"applied": 334, "products": 404}	{"applied": 337, "products": 404}
fixtures2/00007_runtime_refs.fz	{"applied": 150, "products": 105}	{"applied": 152, "products": 105}
fixtures2/00008_callsite_fact_surface.fz	{"applied": 69, "products": 64}	{"applied": 70, "products": 64}
fixtures2/00010_enum_reduce_main.fz	{"applied": 363, "products": 388}	{"applied": 370, "products": 388}
fixtures2/00011_cond_specialization.fz	{"applied": 207, "products": 158}	{"applied": 213, "products": 158}
fixtures2/00012_projection_boundary_abi.fz	{"applied": 88, "products": 98}	{"applied": 89, "products": 98}
fixtures2/00013_variadic_open.fz	{"applied": 70, "products": 74}	{"applied": 71, "products": 74}
fixtures2/00015_variadic_open_jit.fz	{"applied": 70, "products": 74}	{"applied": 71, "products": 74}
fixtures2/00016_spawn_then_receive.fz	{"applied": 177, "products": 138}	{"applied": 181, "products": 138}
fixtures2/00017_spawn_receive_assert.fz	{"applied": 288, "products": 231}	{"applied": 295, "products": 231}
fixtures2/00018_tail_recursion.fz	{"applied": 212, "products": 158}	{"applied": 220, "products": 158}
fixtures2/00019_quicksort_entry.fz	{"applied": 334, "products": 404}	{"applied": 337, "products": 404}
fixtures2/00020_quicksort_jit_entry.fz	{"applied": 334, "products": 404}	{"applied": 337, "products": 404}
fixtures2/00021_variadic_printf.fz	{"applied": 70, "products": 70}	{"applied": 71, "products": 70}
fixtures2/00022_typed_dispatch.fz	{"applied": 147, "products": 118}	{"applied": 151, "products": 118}
fixtures2/00023_backend_interp_self_send.fz	{"applied": 143, "products": 114}	{"applied": 145, "products": 114}
fixtures2/00024_backend_interp_spawn.fz	{"applied": 168, "products": 131}	{"applied": 171, "products": 131}
fixtures2/00025_backend_interp_spawn_opt.fz	{"applied": 170, "products": 138}	{"applied": 173, "products": 138}
fixtures2/00026_make_resource.fz	{"applied": 142, "products": 121}	{"applied": 145, "products": 121}
fixtures2/00028_helper_roots.fz	{"applied": 83, "products": 70}	{"applied": 84, "products": 70}
fixtures2/00031_local_lambda.fz	{"applied": 136, "products": 111}	{"applied": 141, "products": 111}
fixtures2/00032_lambda_recursion.fz	{"applied": 269, "products": 241}	{"applied": 278, "products": 241}
fixtures2/00059_nested_call_from_outside.fz	{"applied": 94, "products": 110}	{"applied": 95, "products": 110}
fixtures2/00077_top_level_import.fz	{"applied": 165, "products": 152}	{"applied": 170, "products": 152}
fixtures2/00078_top_level_alias.fz	{"applied": 94, "products": 106}	{"applied": 95, "products": 106}
fixtures2/00111_macro_quote_unquote.fz	{"applied": 162, "products": 151}	{"applied": 166, "products": 151}
fixtures2/00112_macro_multiple_calls.fz	{"applied": 248, "products": 209}	{"applied": 255, "products": 209}
fixtures2/00113_macro_splices_fn_call.fz	{"applied": 184, "products": 167}	{"applied": 189, "products": 167}
fixtures2/00114_nested_macro_expansion.fz	{"applied": 183, "products": 174}	{"applied": 187, "products": 174}
fixtures2/00115_macro_args_quoted_ast.fz	{"applied": 183, "products": 181}	{"applied": 187, "products": 181}
fixtures2/00118_macro_hygiene_unquote.fz	{"applied": 162, "products": 151}	{"applied": 166, "products": 151}
fixtures2/00119_macro_hygiene_gensym.fz	{"applied": 162, "products": 170}	{"applied": 166, "products": 170}
fixtures2/00120_cross_module_macro.fz	{"applied": 231, "products": 223}	{"applied": 236, "products": 223}
fixtures2/00121_imported_macro_unqualified.fz	{"applied": 209, "products": 207}	{"applied": 213, "products": 207}
fixtures2/00122_item_macro_compiler_ast.fz	{"applied": 114, "products": 136}	{"applied": 115, "products": 136}
fixtures2/00123_item_macro_list_of_compiler_ast_functions.fz	{"applied": 206, "products": 197}	{"applied": 210, "products": 197}
fixtures2/00124_item_macro_compiler_ast_in_module.fz	{"applied": 134, "products": 177}	{"applied": 135, "products": 177}
fixtures2/00125_plain_arithmetic.fz	{"applied": 120, "products": 90}	{"applied": 124, "products": 90}
fixtures2/00126_pipe_operator.fz	{"applied": 142, "products": 107}	{"applied": 147, "products": 107}
fixtures2/00127_operator_sugar_rewrites.fz	{"applied": 240, "products": 379}	{"applied": 242, "products": 379}
fixtures2/00128_membership_sugar_rewrites.fz	{"applied": 295, "products": 236}	{"applied": 309, "products": 236}
fixtures2/00129_capture_shorthand_lambda.fz	{"applied": 136, "products": 114}	{"applied": 141, "products": 114}
fixtures2/00130_bare_capture_identity.fz	{"applied": 63, "products": 72}	{"applied": 64, "products": 72}
fixtures2/00131_multi_clause_lambda.fz	{"applied": 69, "products": 103}	{"applied": 70, "products": 103}
fixtures2/00141_spec_param_type_match.fz	{"applied": 211, "products": 177}	{"applied": 217, "products": 177}
fixtures2/00143_spec_multi_overload_echo.fz	{"applied": 165, "products": 184}	{"applied": 167, "products": 184}
fixtures2/00144_spec_swapped_overload_echo.fz	{"applied": 165, "products": 184}	{"applied": 167, "products": 184}
fixtures2/00145_spec_type_alias.fz	{"applied": 149, "products": 140}	{"applied": 151, "products": 140}
fixtures2/00146_protocol_spec_known_impl.fz	{"applied": 192, "products": 223}	{"applied": 194, "products": 223}
fixtures2/00147_protocol_spec_no_impl.fz	{"applied": 192, "products": 222}	{"applied": 194, "products": 222}
fixtures2/00148_spec_unknown_type_alias.fz	{"applied": 146, "products": 138}	{"applied": 148, "products": 138}
fixtures2/00149_fn_without_spec.fz	{"applied": 209, "products": 177}	{"applied": 215, "products": 177}
fixtures2/00150_spec_top_level_fn.fz	{"applied": 123, "products": 94}	{"applied": 125, "products": 94}
fixtures2/00151_wildcard_makes_unreachable.fz	{"applied": 69, "products": 66}	{"applied": 70, "products": 66}
fixtures2/00152_case_wildcard_unreachable.fz	{"applied": 69, "products": 70}	{"applied": 70, "products": 70}
fixtures2/00153_specific_then_wildcard.fz	{"applied": 69, "products": 70}	{"applied": 70, "products": 70}
fixtures2/00154_inexhaustive_literal_clauses.fz	{"applied": 69, "products": 70}	{"applied": 70, "products": 70}
fixtures2/00155_inexhaustive_case.fz	{"applied": 69, "products": 72}	{"applied": 70, "products": 72}
fixtures2/00171_add_operator_flow.fz	{"applied": 186, "products": 138}	{"applied": 192, "products": 138}
fixtures2/00172_fold_tail_recursive.fz	{"applied": 228, "products": 226}	{"applied": 235, "products": 226}
fixtures2/00173_fold_nontail_finish.fz	{"applied": 248, "products": 240}	{"applied": 255, "products": 240}
fixtures2/00174_fold_capture_int.fz	{"applied": 231, "products": 230}	{"applied": 238, "products": 230}
fixtures2/00175_fold_capture_closure.fz	{"applied": 246, "products": 253}	{"applied": 253, "products": 253}
fixtures2/00176_fold_state_machine.fz	{"applied": 266, "products": 298}	{"applied": 273, "products": 298}
fixtures2/00177_enum_reduce_list_lambda.fz	{"applied": 407, "products": 415}	{"applied": 415, "products": 415}
fixtures2/00178_enum_reduce_named_ref_ok.fz	{"applied": 441, "products": 457}	{"applied": 448, "products": 457}
fixtures2/00179_enum_count_list.fz	{"applied": 425, "products": 268}	{"applied": 457, "products": 268}
fixtures2/00180_enum_reduce_range.fz	{"applied": 568, "products": 590}	{"applied": 575, "products": 590}
fixtures2/00181_enum_reduce_operator_ref.fz	{"applied": 350, "products": 387}	{"applied": 356, "products": 387}
fixtures2/00182_enum_reduce_erased_list.fz	{"applied": 384, "products": 383}	{"applied": 392, "products": 383}
fixtures2/00183_enum_take_list_range.fz	{"applied": 1534, "products": 1781}	{"applied": 1627, "products": 1781}
fixtures2/00184_receive_cont_capture.fz	{"applied": 69, "products": 82}	{"applied": 70, "products": 82}
fixtures2/00185_spawn_receive_capture.fz	{"applied": 303, "products": 248}	{"applied": 310, "products": 248}
fixtures2/00186_spawn_plain_child.fz	{"applied": 125, "products": 99}	{"applied": 127, "products": 99}
fixtures2/00187_string_literal_id.fz	{"applied": 69, "products": 68}	{"applied": 70, "products": 68}
fixtures2/00189_arithmetic_all_binops.fz	{"applied": 450, "products": 395}	{"applied": 466, "products": 395}
fixtures2/00191_poly_id_direct.fz	{"applied": 74, "products": 90}	{"applied": 75, "products": 90}
fixtures2/00194_zero_capture_lambda.fz	{"applied": 66, "products": 69}	{"applied": 67, "products": 69}
fixtures2/00195_lambda_capture_closure.fz	{"applied": 174, "products": 142}	{"applied": 178, "products": 142}
fixtures2/00197_poly_capture_ref.fz	{"applied": 95, "products": 136}	{"applied": 96, "products": 136}
fixtures2/00198_match_atom_partition.fz	{"applied": 74, "products": 86}	{"applied": 75, "products": 86}
fixtures2/00199_match_list_partition.fz	{"applied": 74, "products": 92}	{"applied": 75, "products": 92}
fixtures2/00200_match_list_binding.fz	{"applied": 74, "products": 93}	{"applied": 75, "products": 93}
fixtures2/00201_match_tuple_binding.fz	{"applied": 74, "products": 96}	{"applied": 75, "products": 96}
fixtures2/00202_match_nested_binding.fz	{"applied": 74, "products": 99}	{"applied": 75, "products": 99}
fixtures2/00203_match_nested_partition.fz	{"applied": 79, "products": 123}	{"applied": 80, "products": 123}
fixtures2/00204_match_tuple_tag.fz	{"applied": 74, "products": 102}	{"applied": 75, "products": 102}
fixtures2/00205_match_tuple_arity.fz	{"applied": 79, "products": 126}	{"applied": 80, "products": 126}
fixtures2/00206_match_guard_clause.fz	{"applied": 83, "products": 91}	{"applied": 84, "products": 91}
fixtures2/00207_match_map_binding.fz	{"applied": 74, "products": 92}	{"applied": 75, "products": 92}
fixtures2/00221_large_int_arithmetic.fz	{"applied": 120, "products": 90}	{"applied": 124, "products": 90}
fixtures2/00222_protocol_dispatch_integer.fz	{"applied": 193, "products": 191}	{"applied": 197, "products": 191}
fixtures2/00223_float_addition.fz	{"applied": 120, "products": 90}	{"applied": 124, "products": 90}
fixtures2/00224_float_in_list_dbg.fz	{"applied": 100, "products": 84}	{"applied": 102, "products": 84}
fixtures2/00225_named_fn_ref_no_alloc.fz	{"applied": 99, "products": 98}	{"applied": 100, "products": 98}
fixtures2/00226_zero_capture_lambda.fz	{"applied": 85, "products": 98}	{"applied": 86, "products": 98}
fixtures2/00227_lambda_capture_outer.fz	{"applied": 160, "products": 139}	{"applied": 165, "products": 139}
fixtures2/00228_case_joined_fn_ref.fz	{"applied": 224, "products": 180}	{"applied": 230, "products": 180}
fixtures2/00229_enum_reduce_lambda.fz	{"applied": 363, "products": 386}	{"applied": 370, "products": 386}
fixtures2/00230_enum_take_chained.fz	{"applied": 1534, "products": 1781}	{"applied": 1627, "products": 1781}
fixtures2/00231_joined_fn_refs_enum_reduce.fz	{"applied": 541, "products": 578}	{"applied": 549, "products": 578}
fixtures2/00232_float_equality_in_list.fz	{"applied": 100, "products": 92}	{"applied": 102, "products": 92}
fixtures2/00233_receive_float_in_list.fz	{"applied": 144, "products": 114}	{"applied": 146, "products": 114}
fixtures2/00234_large_int_send_receive.fz	{"applied": 144, "products": 113}	{"applied": 146, "products": 113}
fixtures2/00235_large_int_list_head.fz	{"applied": 69, "products": 71}	{"applied": 70, "products": 71}
fixtures2/00237_scalars_from_containers.fz	{"applied": 142, "products": 132}	{"applied": 144, "products": 132}
fixtures2/00238_heap_values_from_containers.fz	{"applied": 142, "products": 135}	{"applied": 144, "products": 135}
fixtures2/00239_typed_int_dispatch.fz	{"applied": 142, "products": 107}	{"applied": 147, "products": 107}
fixtures2/00240_large_int_from_spawn.fz	{"applied": 243, "products": 178}	{"applied": 248, "products": 178}
fixtures2/00241_pinned_ref_receive.fz	{"applied": 230, "products": 174}	{"applied": 233, "products": 174}
fixtures2/00242_spawn_tagged_receive.fz	{"applied": 286, "products": 213}	{"applied": 292, "products": 213}
fixtures2/00243_receive_after_zero.fz	{"applied": 100, "products": 90}	{"applied": 102, "products": 90}
fixtures2/00244_out_of_order_receive.fz	{"applied": 277, "products": 262}	{"applied": 281, "products": 262}
fixtures2/00245_receive_map_pattern.fz	{"applied": 199, "products": 187}	{"applied": 202, "products": 187}
fixtures2/00246_receive_map_nil_value.fz	{"applied": 211, "products": 225}	{"applied": 214, "products": 225}
fixtures2/00247_selective_refs_stress.fz	{"applied": 435, "products": 452}	{"applied": 441, "products": 452}
fixtures2/00248_make_resource_dtor.fz	{"applied": 219, "products": 169}	{"applied": 223, "products": 169}
fixtures2/00249_aliased_resource_dtor.fz	{"applied": 219, "products": 169}	{"applied": 223, "products": 169}
fixtures2/00250_two_distinct_resources.fz	{"applied": 221, "products": 179}	{"applied": 225, "products": 179}
fixtures2/00251_opaque_resource_value.fz	{"applied": 309, "products": 262}	{"applied": 314, "products": 262}
fixtures2/00252_variadic_open_dynamic.fz	{"applied": 90, "products": 90}	{"applied": 91, "products": 90}
fixtures2/00253_variadic_float_error.fz	{"applied": 70, "products": 70}	{"applied": 71, "products": 70}
fixtures2/00271_two_module_cross_call.fz	{"applied": 189, "products": 166}	{"applied": 194, "products": 166}
fixtures2/00272_protocol_impl_dispatch.fz	{"applied": 165, "products": 207}	{"applied": 166, "products": 207}
fixtures2/00273_integer_protocol_dispatch.fz	{"applied": 193, "products": 191}	{"applied": 197, "products": 191}
fixtures2/00274_closed_union_protocol.fz	{"applied": 232, "products": 237}	{"applied": 237, "products": 237}
fixtures2/00275_enum_count_member_reduce.fz	{"applied": 761, "products": 768}	{"applied": 793, "products": 768}
fixtures2/00276_enum_to_list_and_map.fz	{"applied": 636, "products": 798}	{"applied": 649, "products": 798}
fixtures2/00277_enum_tier0_fixture.fz	{"applied": 3323, "products": 5512}	{"applied": 3415, "products": 5512}
fixtures2/00278_enum_count_predicate.fz	{"applied": 501, "products": 509}	{"applied": 513, "products": 509}
fixtures2/00279_enum_find_find_value.fz	{"applied": 676, "products": 688}	{"applied": 695, "products": 688}
fixtures2/00280_enum_find_index.fz	{"applied": 677, "products": 681}	{"applied": 696, "products": 681}
fixtures2/00281_opaque_reducer_closure.fz	{"applied": 586, "products": 605}	{"applied": 595, "products": 605}
fixtures2/00282_enumerable_reduce_done_halt.fz	{"applied": 341, "products": 389}	{"applied": 348, "products": 389}
fixtures2/00283_enum_reduce_while_shape.fz	{"applied": 453, "products": 461}	{"applied": 462, "products": 461}
fixtures2/00284_enum_find_early_halt.fz	{"applied": 432, "products": 460}	{"applied": 442, "products": 460}
fixtures2/00285_enum_sort_stable.fz	{"applied": 601, "products": 1179}	{"applied": 611, "products": 1179}
fixtures2/00288_spawn_with_captures.fz	{"applied": 303, "products": 248}	{"applied": 310, "products": 248}
fixtures2/00289_plain_spawn.fz	{"applied": 125, "products": 99}	{"applied": 127, "products": 99}
fixtures2/00290_spawn_send_receive.fz	{"applied": 220, "products": 170}	{"applied": 225, "products": 170}
fixtures2/00291_spawn_child_receive.fz	{"applied": 177, "products": 138}	{"applied": 181, "products": 138}
fixtures2/00293_int_addition.fz	{"applied": 120, "products": 90}	{"applied": 124, "products": 90}
fixtures2/00294_arith_chain.fz	{"applied": 184, "products": 126}	{"applied": 191, "products": 126}
fixtures2/00295_if_then_else.fz	{"applied": 100, "products": 94}	{"applied": 102, "products": 94}
fixtures2/00296_dbg_print.fz	{"applied": 164, "products": 119}	{"applied": 169, "products": 119}
fixtures2/00297_heap_alloc_stats.fz	{"applied": 162, "products": 144}	{"applied": 164, "products": 144}
fixtures2/00298_assert_refute.fz	{"applied": 124, "products": 103}	{"applied": 126, "products": 103}
fixtures2/00300_add1_call.fz	{"applied": 142, "products": 107}	{"applied": 147, "products": 107}
fixtures2/00301_nontail_call_binop.fz	{"applied": 140, "products": 109}	{"applied": 145, "products": 109}
fixtures2/00302_factorial_pattern_match.fz	{"applied": 212, "products": 152}	{"applied": 220, "products": 152}
fixtures2/00303_factorial_deep_recursion.fz	{"applied": 212, "products": 152}	{"applied": 220, "products": 152}
fixtures2/00304_tail_recursive_count.fz	{"applied": 212, "products": 158}	{"applied": 220, "products": 158}
fixtures2/00305_atom_bool_dbg.fz	{"applied": 124, "products": 141}	{"applied": 126, "products": 141}
fixtures2/00306_atom_keyed_map.fz	{"applied": 100, "products": 87}	{"applied": 102, "products": 87}
fixtures2/00307_map_key_access.fz	{"applied": 120, "products": 100}	{"applied": 124, "products": 100}
fixtures2/00308_map_update_immutable.fz	{"applied": 100, "products": 96}	{"applied": 102, "products": 96}
fixtures2/00309_bitstring_literal.fz	{"applied": 100, "products": 85}	{"applied": 102, "products": 85}
fixtures2/00310_binary_pattern_header.fz	{"applied": 121, "products": 111}	{"applied": 123, "products": 111}
fixtures2/00311_binary_variable_size.fz	{"applied": 121, "products": 117}	{"applied": 123, "products": 117}
fixtures2/00312_tuple_pair_dbg.fz	{"applied": 100, "products": 85}	{"applied": 102, "products": 85}
fixtures2/00313_tuple_destructure.fz	{"applied": 162, "products": 134}	{"applied": 166, "products": 134}
fixtures2/00314_mixed_type_tuple.fz	{"applied": 100, "products": 86}	{"applied": 102, "products": 86}
fixtures2/00315_list_literal_dbg.fz	{"applied": 100, "products": 86}	{"applied": 102, "products": 86}
fixtures2/00316_sum_list_head_tail.fz	{"applied": 145, "products": 121}	{"applied": 149, "products": 121}
fixtures2/00318_mutual_recursion_even_odd.fz	{"applied": 174, "products": 135}	{"applied": 180, "products": 135}
fixtures2/00319_apply_fn_ref.fz	{"applied": 169, "products": 137}	{"applied": 173, "products": 137}
fixtures2/00320_closure_captures_local.fz	{"applied": 161, "products": 134}	{"applied": 166, "products": 134}
fixtures2/00321_higher_order_map.fz	{"applied": 218, "products": 185}	{"applied": 223, "products": 185}
fixtures2/00322_list_structural_eq.fz	{"applied": 100, "products": 96}	{"applied": 102, "products": 96}
fixtures2/00323_list_eq_length_mismatch.fz	{"applied": 100, "products": 95}	{"applied": 102, "products": 95}
fixtures2/00324_tuple_structural_eq.fz	{"applied": 100, "products": 94}	{"applied": 102, "products": 94}
fixtures2/00325_tuple_eq_arity_mismatch.fz	{"applied": 100, "products": 95}	{"applied": 102, "products": 95}
fixtures2/00326_bitstring_structural_eq.fz	{"applied": 100, "products": 96}	{"applied": 102, "products": 96}
fixtures2/00327_map_eq_order_independent.fz	{"applied": 100, "products": 98}	{"applied": 102, "products": 98}
fixtures2/00328_map_eq_value_mismatch.fz	{"applied": 100, "products": 98}	{"applied": 102, "products": 98}
fixtures2/00329_heterogeneous_kinds_neq.fz	{"applied": 100, "products": 94}	{"applied": 102, "products": 94}
fixtures2/00330_nested_map_list_eq.fz	{"applied": 100, "products": 98}	{"applied": 102, "products": 98}
fixtures2/00331_neq_operator.fz	{"applied": 100, "products": 94}	{"applied": 102, "products": 94}
fixtures2/00333_float_dbg_render.fz	{"applied": 100, "products": 88}	{"applied": 102, "products": 88}
fixtures2/00334_float_arithmetic.fz	{"applied": 164, "products": 126}	{"applied": 169, "products": 126}
fixtures2/00335_mixed_int_float_arith.fz	{"applied": 164, "products": 126}	{"applied": 169, "products": 126}
fixtures2/00336_int_float_strict_eq.fz	{"applied": 100, "products": 90}	{"applied": 102, "products": 90}
fixtures2/00337_float_literal_eq.fz	{"applied": 100, "products": 90}	{"applied": 102, "products": 90}
fixtures2/00338_float_comparison.fz	{"applied": 100, "products": 90}	{"applied": 102, "products": 90}
fixtures2/00341_float_in_list_render.fz	{"applied": 100, "products": 84}	{"applied": 102, "products": 84}
fixtures2/00342_float_list_head_project.fz	{"applied": 69, "products": 71}	{"applied": 70, "products": 71}
fixtures2/00343_float_in_list_eq.fz	{"applied": 100, "products": 92}	{"applied": 102, "products": 92}
fixtures2/00346_self_apply_tail_call.fz	{"applied": 212, "products": 178}	{"applied": 220, "products": 178}
fixtures2/00347_compose_nontail_chain.fz	{"applied": 412, "products": 383}	{"applied": 423, "products": 383}
fixtures2/00348_dbg_returns_value.fz	{"applied": 164, "products": 123}	{"applied": 169, "products": 123}
fixtures2/00349_nil_not_empty_list.fz	{"applied": 68, "products": 65}	{"applied": 69, "products": 65}
fixtures2/00350_empty_list_not_nil.fz	{"applied": 68, "products": 65}	{"applied": 69, "products": 65}
fixtures2/00351_cons_clause_fallthrough.fz	{"applied": 159, "products": 173}	{"applied": 163, "products": 173}
fixtures2/00352_recursive_cons_clause.fz	{"applied": 164, "products": 179}	{"applied": 168, "products": 179}
fixtures2/00353_nil_vs_empty_list_dbg.fz	{"applied": 112, "products": 112}	{"applied": 114, "products": 112}
fixtures2/00354_make_resource_dtor.fz	{"applied": 152, "products": 121}	{"applied": 155, "products": 121}
fixtures2/00355_aliased_resource_dtor.fz	{"applied": 152, "products": 121}	{"applied": 155, "products": 121}
fixtures2/00356_two_distinct_resources.fz	{"applied": 154, "products": 131}	{"applied": 157, "products": 131}
fixtures2/00381_choose_closure_branch.fz	{"applied": 139, "products": 149}	{"applied": 142, "products": 149}
fixtures2/00382_add1_call_fuse.fz	{"applied": 186, "products": 135}	{"applied": 192, "products": 135}
fixtures2/00383_typetest_dead_branch_fold.fz	{"applied": 121, "products": 96}	{"applied": 123, "products": 96}
fixtures2/00384_closure_predicate_wrapper.fz	{"applied": 382, "products": 614}	{"applied": 390, "products": 614}
fixtures2/00385_tuple_destructure_demand.fz	{"applied": 125, "products": 126}	{"applied": 127, "products": 126}
fixtures2/00386_quicksort_return_shapes.fz	{"applied": 174, "products": 208}	{"applied": 176, "products": 208}
fixtures2/00387_empty_list_dispatch.fz	{"applied": 121, "products": 96}	{"applied": 123, "products": 96}
fixtures2/00388_wildcard_param_hole.fz	{"applied": 128, "products": 126}	{"applied": 130, "products": 126}
fixtures2/00389_poly_id_direct_call.fz	{"applied": 74, "products": 90}	{"applied": 75, "products": 90}
fixtures2/00391_poly_capture_ref.fz	{"applied": 95, "products": 136}	{"applied": 96, "products": 136}
fixtures2/00393_atom_pattern_dispatch.fz	{"applied": 74, "products": 86}	{"applied": 75, "products": 86}
fixtures2/00394_list_pattern_dispatch.fz	{"applied": 74, "products": 92}	{"applied": 75, "products": 92}
fixtures2/00395_list_head_binding.fz	{"applied": 74, "products": 93}	{"applied": 75, "products": 93}
fixtures2/00396_tuple_pattern_binding.fz	{"applied": 74, "products": 96}	{"applied": 75, "products": 96}
fixtures2/00397_nested_pattern_binding.fz	{"applied": 74, "products": 99}	{"applied": 75, "products": 99}
fixtures2/00398_nested_pattern_partition.fz	{"applied": 79, "products": 123}	{"applied": 80, "products": 123}
fixtures2/00399_tuple_tag_partition.fz	{"applied": 74, "products": 102}	{"applied": 75, "products": 102}
fixtures2/00400_tuple_arity_partition.fz	{"applied": 79, "products": 126}	{"applied": 80, "products": 126}
fixtures2/00401_guard_partition.fz	{"applied": 83, "products": 91}	{"applied": 84, "products": 91}
fixtures2/00402_map_pattern_binding.fz	{"applied": 74, "products": 92}	{"applied": 75, "products": 92}
fixtures2/00403_tail_fold_closure.fz	{"applied": 228, "products": 226}	{"applied": 235, "products": 226}
fixtures2/00404_enum_reduce_list.fz	{"applied": 407, "products": 415}	{"applied": 415, "products": 415}
fixtures2/00405_enum_reduce_operator_ref.fz	{"applied": 350, "products": 387}	{"applied": 356, "products": 387}
fixtures2/00406_enum_reduce_range.fz	{"applied": 568, "products": 590}	{"applied": 575, "products": 590}
fixtures2/00407_spawn_plain.fz	{"applied": 125, "products": 99}	{"applied": 127, "products": 99}
fixtures2/00408_recursive_sum_fixpoint.fz	{"applied": 188, "products": 149}	{"applied": 193, "products": 149}
fixtures2/00409_higher_order_named_ref.fz	{"applied": 214, "products": 165}	{"applied": 219, "products": 165}
fixtures2/00410_spawn_closure_capture.fz	{"applied": 303, "products": 248}	{"applied": 310, "products": 248}
fixtures2/00411_closure_distinct_captures.fz	{"applied": 258, "products": 277}	{"applied": 263, "products": 277}
fixtures2/00412_closure_with_captures.fz	{"applied": 181, "products": 140}	{"applied": 187, "products": 140}
fixtures2/00413_protocol_static_dispatch.fz	{"applied": 118, "products": 153}	{"applied": 119, "products": 153}
fixtures2/00418_enum_count_range.fz	{"applied": 1384, "products": 1310}	{"applied": 1469, "products": 1310}
fixtures2/00419_enum_take_mixed.fz	{"applied": 1534, "products": 1781}	{"applied": 1627, "products": 1781}
fixtures2/00420_enum_take_drop_split.fz	{"applied": 4233, "products": 9884}	{"applied": 4292, "products": 9884}
fixtures2/00422_protocol_impl_disjoint_spec.fz	{"applied": 120, "products": 151}	{"applied": 121, "products": 151}
fixtures2/00423_protocol_impl_compatible_spec.fz	{"applied": 120, "products": 151}	{"applied": 121, "products": 151}
fixtures2/00425_protocol_impl_match.fz	{"applied": 118, "products": 153}	{"applied": 119, "products": 153}
fixtures2/00426_closed_union_protocol_dispatch.fz	{"applied": 231, "products": 237}	{"applied": 236, "products": 237}
fixtures2/00427_single_impl_protocol.fz	{"applied": 143, "products": 168}	{"applied": 144, "products": 168}
fixtures2/00428_open_union_protocol.fz	{"applied": 231, "products": 240}	{"applied": 236, "products": 240}
fixtures2/00429_external_impl_residual.fz	{"applied": 213, "products": 217}	{"applied": 217, "products": 217}
fixtures2/00430_opaque_value_accessor.fz	{"applied": 219, "products": 187}	{"applied": 222, "products": 187}
fixtures2/00435_opaque_equality_ok.fz	{"applied": 144, "products": 116}	{"applied": 146, "products": 116}
fixtures2/00436_plain_int_arithmetic.fz	{"applied": 120, "products": 90}	{"applied": 124, "products": 90}
fixtures2/00461_if_constant_cond_branch.fz	{"applied": 163, "products": 135}	{"applied": 166, "products": 135}
fixtures2/00462_if_tail_call_arm.fz	{"applied": 186, "products": 157}	{"applied": 190, "products": 157}
fixtures2/00463_case_call_in_clause.fz	{"applied": 141, "products": 122}	{"applied": 143, "products": 122}
fixtures2/00464_with_else_non_matching.fz	{"applied": 121, "products": 104}	{"applied": 123, "products": 104}
fixtures2/00465_if_comparison_cond.fz	{"applied": 186, "products": 157}	{"applied": 190, "products": 157}
fixtures2/00466_nontail_if_join_flow.fz	{"applied": 384, "products": 340}	{"applied": 398, "products": 340}
fixtures2/00467_nontail_case_join_flow.fz	{"applied": 203, "products": 174}	{"applied": 209, "products": 174}
fixtures2/00468_nontail_cond_join_flow.fz	{"applied": 245, "products": 215}	{"applied": 253, "products": 215}
fixtures2/00469_synthesized_branch_no_warn.fz	{"applied": 140, "products": 109}	{"applied": 144, "products": 109}
fixtures2/00483_case_guard_multi_clause.fz	{"applied": 109, "products": 89}	{"applied": 111, "products": 89}
fixtures2/00484_guarded_cons_clause.fz	{"applied": 126, "products": 137}	{"applied": 128, "products": 137}
fixtures2/00501_integer_arithmetic.fz	{"applied": 120, "products": 90}	{"applied": 124, "products": 90}
fixtures2/00503_utf8_valid_from_bytes.fz	{"applied": 337, "products": 385}	{"applied": 342, "products": 385}
fixtures2/00504_import_utf8_valid.fz	{"applied": 152, "products": 122}	{"applied": 155, "products": 122}
fixtures2/00505_alias_utf8_valid.fz	{"applied": 152, "products": 122}	{"applied": 155, "products": 122}
fixtures2/00506_variable_binding.fz	{"applied": 120, "products": 90}	{"applied": 124, "products": 90}
fixtures2/00507_var_immutable_in_expr.fz	{"applied": 142, "products": 104}	{"applied": 146, "products": 104}
fixtures2/00508_tuple_destructure.fz	{"applied": 120, "products": 93}	{"applied": 124, "products": 93}
fixtures2/00509_whitespace_assignment.fz	{"applied": 120, "products": 90}	{"applied": 124, "products": 90}
fixtures2/00511_fn_defined_callable.fz	{"applied": 142, "products": 107}	{"applied": 147, "products": 107}
fixtures2/00512_spawn_send_receive.fz	{"applied": 224, "products": 206}	{"applied": 227, "products": 206}
fixtures2/00513_spawn_new_fn_resume.fz	{"applied": 244, "products": 218}	{"applied": 247, "products": 218}
fixtures2/00514_send_receive_self_list.fz	{"applied": 144, "products": 116}	{"applied": 146, "products": 116}
fixtures2/00515_spawn_receive_after.fz	{"applied": 214, "products": 167}	{"applied": 218, "products": 167}
fixtures2/00516_spawn2_heap_hint.fz	{"applied": 216, "products": 168}	{"applied": 220, "products": 168}
fixtures2/00517_recursive_fn_factorial.fz	{"applied": 212, "products": 152}	{"applied": 220, "products": 152}
fixtures2/00518_multiline_do_end_body.fz	{"applied": 206, "products": 143}	{"applied": 214, "products": 143}
fixtures2/00519_defmacro_inc.fz	{"applied": 162, "products": 151}	{"applied": 166, "products": 151}
fixtures2/00520_helper_calls_main.fz	{"applied": 186, "products": 135}	{"applied": 192, "products": 135}
fixtures2/00521_relay_process.fz	{"applied": 375, "products": 321}	{"applied": 384, "products": 321}
fixtures2/00522_multiline_double_fn.fz	{"applied": 186, "products": 135}	{"applied": 192, "products": 135}
fixtures2/00523_top_level_spec.fz	{"applied": 188, "products": 135}	{"applied": 194, "products": 135}
fixtures2/00524_fn_arity_replace.fz	{"applied": 142, "products": 110}	{"applied": 147, "products": 110}
fixtures2/00529_protocol_reduce_fixpoint.fz	{"applied": 258, "products": 336}	{"applied": 264, "products": 336}
fixtures2/00530_utf8_module_import_main.fz	{"applied": 197, "products": 178}	{"applied": 200, "products": 178}
fixtures2/00531_elixir_binop_operators.fz	{"applied": 226, "products": 329}	{"applied": 228, "products": 329}
fixtures2/00547_compiler_contract_smoke.fz	{"applied": 159, "products": 137}	{"applied": 164, "products": 137}
fixtures2/00548_contract_ast_eval.fz	{"applied": 281, "products": 344}	{"applied": 289, "products": 344}
fixtures2/00549_contract_closure_typed_captures.fz	{"applied": 227, "products": 204}	{"applied": 233, "products": 204}
fixtures2/00550_contract_curried_add.fz	{"applied": 253, "products": 289}	{"applied": 259, "products": 289}
fixtures2/00551_contract_fib_tailrec.fz	{"applied": 257, "products": 236}	{"applied": 266, "products": 236}
fixtures2/00552_contract_multi_clause.fz	{"applied": 288, "products": 247}	{"applied": 297, "products": 247}
fixtures2/00553_match_map_nonatom_keys.fz	{"applied": 69, "products": 76}	{"applied": 70, "products": 76}
fixtures2/behavior/a-resource_aot_dtor.fz	{"applied": 199, "products": 169}	{"applied": 203, "products": 169}
fixtures2/behavior/a_mixed.fz	{"applied": 728, "products": 818}	{"applied": 739, "products": 818}
fixtures2/behavior/actor_ring.fz	{"applied": 578, "products": 487}	{"applied": 705, "products": 460}
fixtures2/behavior/add1.fz	{"applied": 186, "products": 135}	{"applied": 192, "products": 135}
fixtures2/behavior/alias.fz	{"applied": 360, "products": 353}	{"applied": 369, "products": 353}
fixtures2/behavior/append.fz	{"applied": 287, "products": 310}	{"applied": 290, "products": 310}
fixtures2/behavior/assert_abort_message.fz	{"applied": 168, "products": 145}	{"applied": 172, "products": 145}
fixtures2/behavior/ast_eval.fz	{"applied": 347, "products": 422}	{"applied": 357, "products": 422}
fixtures2/behavior/attributes.fz	{"applied": 279, "products": 332}	{"applied": 283, "products": 332}
fixtures2/behavior/binary_concat_runtime.fz	{"applied": 230, "products": 209}	{"applied": 234, "products": 209}
fixtures2/behavior/boolean_operators.fz	{"applied": 239, "products": 368}	{"applied": 243, "products": 368}
fixtures2/behavior/boxed_callable_cps_sharing.fz	{"applied": 473, "products": 454}	{"applied": 485, "products": 454}
fixtures2/behavior/brand_refines_its_inner.fz	{"applied": 422, "products": 437}	{"applied": 428, "products": 437}
fixtures2/behavior/bsx_guard_eq.fz	{"applied": 251, "products": 234}	{"applied": 256, "products": 234}
fixtures2/behavior/bsx_nested_eq.fz	{"applied": 269, "products": 282}	{"applied": 274, "products": 282}
fixtures2/behavior/bsx_nested_match.fz	{"applied": 251, "products": 234}	{"applied": 256, "products": 234}
fixtures2/behavior/callable_union_capture_containment.fz	{"applied": 671, "products": 708}	{"applied": 678, "products": 708}
fixtures2/behavior/case_tuple_pattern_sequential.fz	{"applied": 221, "products": 308}	{"applied": 225, "products": 308}
fixtures2/behavior/case_with_total.fz	{"applied": 233, "products": 313}	{"applied": 237, "products": 313}
fixtures2/behavior/classify_two_clause.fz	{"applied": 202, "products": 209}	{"applied": 206, "products": 209}
fixtures2/behavior/closure_identity_captures.fz	{"applied": 337, "products": 307}	{"applied": 343, "products": 307}
fixtures2/behavior/closure_identity_tag_split.fz	{"applied": 506, "products": 489}	{"applied": 515, "products": 489}
fixtures2/behavior/closure_render_arity.fz	{"applied": 499, "products": 574}	{"applied": 505, "products": 574}
fixtures2/behavior/closure_threaded_recursion.fz	{"applied": 254, "products": 227}	{"applied": 261, "products": 227}
fixtures2/behavior/closure_threaded_recursion_callable.fz	{"applied": 333, "products": 293}	{"applied": 344, "products": 293}
fixtures2/behavior/closure_threaded_recursion_capture.fz	{"applied": 315, "products": 274}	{"applied": 326, "products": 274}
fixtures2/behavior/closure_typed_captures.fz	{"applied": 294, "products": 266}	{"applied": 302, "products": 266}
fixtures2/behavior/cold_fn.fz	{"applied": 186, "products": 135}	{"applied": 192, "products": 135}
fixtures2/behavior/concurrency_ping_pong.fz	{"applied": 288, "products": 232}	{"applied": 295, "products": 232}
fixtures2/behavior/cross_module_macro.fz	{"applied": 396, "products": 449}	{"applied": 405, "products": 449}
fixtures2/behavior/curried_add.fz	{"applied": 320, "products": 359}	{"applied": 328, "products": 359}
fixtures2/behavior/dead_closure_capture_empty_list.fz	{"applied": 641, "products": 952}	{"applied": 651, "products": 952}
fixtures2/behavior/defstruct_macro_runtime.fz	{"applied": 187, "products": 213}	{"applied": 189, "products": 213}
fixtures2/behavior/defstruct_runtime.fz	{"applied": 145, "products": 153}	{"applied": 147, "products": 153}
fixtures2/behavior/destructure_cons.fz	{"applied": 181, "products": 197}	{"applied": 185, "products": 197}
fixtures2/behavior/destructure_mixed.fz	{"applied": 201, "products": 233}	{"applied": 205, "products": 233}
fixtures2/behavior/destructure_tuple.fz	{"applied": 252, "products": 232}	{"applied": 259, "products": 232}
fixtures2/behavior/dispatch_annotated_tuple_tag_clauses.fz	{"applied": 205, "products": 218}	{"applied": 209, "products": 218}
fixtures2/behavior/dispatch_list_head_separates.fz	{"applied": 650, "products": 1257}	{"applied": 659, "products": 1257}
fixtures2/behavior/dispatch_nested_list_position_separates.fz	{"applied": 429, "products": 638}	{"applied": 433, "products": 638}
fixtures2/behavior/dispatch_seat_element_blind.fz	{"applied": 464, "products": 657}	{"applied": 471, "products": 657}
fixtures2/behavior/empty_list_distinct_from_nil.fz	{"applied": 124, "products": 144}	{"applied": 126, "products": 144}
fixtures2/behavior/enum_hof_three_distinct_closures.fz	{"applied": 759, "products": 1374}	{"applied": 769, "products": 1374}
fixtures2/behavior/enum_list_allocations.fz	{"applied": 841, "products": 878}	{"applied": 871, "products": 878}
fixtures2/behavior/enum_map_family.fz	{"applied": 2963, "products": 4907}	{"applied": 3028, "products": 4907}
fixtures2/behavior/enum_oracle_smoke.fz	{"applied": 429, "products": 709}	{"applied": 437, "products": 709}
fixtures2/behavior/enum_predicate_search.fz	{"applied": 2394, "products": 4743}	{"applied": 2423, "products": 4743}
fixtures2/behavior/enum_reduce_halt_arm_order.fz	{"applied": 592, "products": 743}	{"applied": 599, "products": 743}
fixtures2/behavior/enum_reduce_suspend.fz	{"applied": 437, "products": 429}	{"applied": 444, "products": 429}
fixtures2/behavior/enum_sort.fz	{"applied": 557, "products": 822}	{"applied": 566, "products": 822}
fixtures2/behavior/enum_take_drop_split.fz	{"applied": 4233, "products": 9884}	{"applied": 4292, "products": 9884}
fixtures2/behavior/enum_tier0.fz	{"applied": 4043, "products": 8747}	{"applied": 4103, "products": 8747}
fixtures2/behavior/enumerable_protocol_dispatch.fz	{"applied": 698, "products": 617}	{"applied": 728, "products": 617}
fixtures2/behavior/fib_tailrec.fz	{"applied": 257, "products": 236}	{"applied": 266, "products": 236}
fixtures2/behavior/file_handle.fz	{"applied": 343, "products": 356}	{"applied": 348, "products": 356}
fixtures2/behavior/file_resource_lifecycle.fz	{"applied": 311, "products": 303}	{"applied": 316, "products": 303}
fixtures2/behavior/filter.fz	{"applied": 292, "products": 348}	{"applied": 295, "products": 348}
fixtures2/behavior/fn_ref_ampersand.fz	{"applied": 501, "products": 422}	{"applied": 515, "products": 422}
fixtures2/behavior/fz_f98_map_reduce.fz	{"applied": 1004, "products": 1761}	{"applied": 1014, "products": 1761}
fixtures2/behavior/fz_f98_range_map_converges.fz	{"applied": 1393, "products": 1914}	{"applied": 1412, "products": 1914}
fixtures2/behavior/fz_f98_range_reduce2.fz	{"applied": 756, "products": 832}	{"applied": 768, "products": 832}
fixtures2/behavior/fz_f98_range_reduce_scalar.fz	{"applied": 653, "products": 973}	{"applied": 660, "products": 973}
fixtures2/behavior/guard_calls_pure_user_fn.fz	{"applied": 217, "products": 231}	{"applied": 221, "products": 231}
fixtures2/behavior/hello.fz	{"applied": 200, "products": 206}	{"applied": 205, "products": 206}
fixtures2/behavior/higher_order.fz	{"applied": 412, "products": 383}	{"applied": 423, "products": 383}
fixtures2/behavior/hot_fn.fz	{"applied": 186, "products": 216}	{"applied": 192, "products": 216}
fixtures2/behavior/if_constant_cond_with_call.fz	{"applied": 250, "products": 200}	{"applied": 257, "products": 200}
fixtures2/behavior/if_tail_call_in_arm_narrowed.fz	{"applied": 186, "products": 157}	{"applied": 190, "products": 157}
fixtures2/behavior/if_tail_call_in_arm_unnarrowed.fz	{"applied": 186, "products": 157}	{"applied": 190, "products": 157}
fixtures2/behavior/ignored_call_result_lane_less_return.fz	{"applied": 120, "products": 95}	{"applied": 122, "products": 95}
fixtures2/behavior/import.fz	{"applied": 368, "products": 401}	{"applied": 377, "products": 401}
fixtures2/behavior/interp_only_main.fz	{"applied": 186, "products": 135}	{"applied": 192, "products": 135}
fixtures2/behavior/item_macro_source.fz	{"applied": 165, "products": 162}	{"applied": 167, "products": 162}
fixtures2/behavior/keyword_lists.fz	{"applied": 295, "products": 370}	{"applied": 300, "products": 370}
fixtures2/behavior/lambda_sugars.fz	{"applied": 207, "products": 220}	{"applied": 213, "products": 220}
fixtures2/behavior/list_literal_trailing_call.fz	{"applied": 486, "products": 707}	{"applied": 494, "products": 707}
fixtures2/behavior/list_primitives.fz	{"applied": 492, "products": 539}	{"applied": 503, "products": 539}
fixtures2/behavior/m_userstep_mixed.fz	{"applied": 325, "products": 333}	{"applied": 332, "products": 333}
fixtures2/behavior/macro_inc.fz	{"applied": 359, "products": 340}	{"applied": 369, "products": 340}
fixtures2/behavior/mailbox_closure_each.fz	{"applied": 679, "products": 810}	{"applied": 682, "products": 779}
fixtures2/behavior/mailbox_closure_enum_hofs.fz	{"applied": 1017, "products": 1517}	{"applied": 1033, "products": 1517}
fixtures2/behavior/mailbox_closure_invoke.fz	{"applied": 310, "products": 274}	{"applied": 318, "products": 274}
fixtures2/behavior/mailbox_closure_reduce.fz	{"applied": 782, "products": 1121}	{"applied": 782, "products": 1090}
fixtures2/behavior/mailbox_closure_twice.fz	{"applied": 419, "products": 399}	{"applied": 428, "products": 399}
fixtures2/behavior/make_ref_distinct.fz	{"applied": 212, "products": 165}	{"applied": 215, "products": 165}
fixtures2/behavior/map_enumerable.fz	{"applied": 1173, "products": 2365}	{"applied": 1183, "products": 2365}
fixtures2/behavior/map_three_path_parity.fz	{"applied": 207, "products": 317}	{"applied": 211, "products": 317}
fixtures2/behavior/membership_operator.fz	{"applied": 1274, "products": 1401}	{"applied": 1315, "products": 1401}
fixtures2/behavior/module_info.fz	{"applied": 290, "products": 439}	{"applied": 294, "products": 439}
fixtures2/behavior/modules.fz	{"applied": 451, "products": 476}	{"applied": 463, "products": 476}
fixtures2/behavior/multi_caller_spec_divergent.fz	{"applied": 299, "products": 283}	{"applied": 307, "products": 283}
fixtures2/behavior/multi_clause.fz	{"applied": 288, "products": 247}	{"applied": 297, "products": 247}
fixtures2/behavior/multi_clause_body_with_call.fz	{"applied": 209, "products": 191}	{"applied": 213, "products": 191}
fixtures2/behavior/multi_relay.fz	{"applied": 377, "products": 357}	{"applied": 386, "products": 357}
fixtures2/behavior/mutual_recursion.fz	{"applied": 246, "products": 223}	{"applied": 250, "products": 223}
fixtures2/behavior/native_tuple_accumulator_tail.fz	{"applied": 433, "products": 479}	{"applied": 442, "products": 479}
fixtures2/behavior/nested_modules.fz	{"applied": 388, "products": 439}	{"applied": 396, "products": 439}
fixtures2/behavior/nested_tuple_producer.fz	{"applied": 277, "products": 240}	{"applied": 283, "products": 240}
fixtures2/behavior/no_parens_call.fz	{"applied": 270, "products": 207}	{"applied": 280, "products": 207}
fixtures2/behavior/no_parens_do.fz	{"applied": 156, "products": 182}	{"applied": 159, "products": 182}
fixtures2/behavior/no_parens_keyword.fz	{"applied": 168, "products": 231}	{"applied": 171, "products": 231}
fixtures2/behavior/opaque_fn_each_discarded_return.fz	{"applied": 587, "products": 572}	{"applied": 598, "products": 572}
fixtures2/behavior/opaque_fn_mixed_return.fz	{"applied": 448, "products": 334}	{"applied": 454, "products": 334}
fixtures2/behavior/opaque_fn_value_join.fz	{"applied": 586, "products": 605}	{"applied": 595, "products": 605}
fixtures2/behavior/operator_sugars.fz	{"applied": 327, "products": 482}	{"applied": 330, "products": 482}
fixtures2/behavior/pipe_headless_case.fz	{"applied": 197, "products": 169}	{"applied": 203, "products": 169}
fixtures2/behavior/polymorphic.fz	{"applied": 224, "products": 259}	{"applied": 228, "products": 259}
fixtures2/behavior/process_heap_stats.fz	{"applied": 162, "products": 136}	{"applied": 164, "products": 136}
fixtures2/behavior/quicksort.fz	{"applied": 334, "products": 404}	{"applied": 337, "products": 404}
fixtures2/behavior/range_enumerable.fz	{"applied": 1265, "products": 1781}	{"applied": 1293, "products": 1781}
fixtures2/behavior/range_runtime.fz	{"applied": 190, "products": 225}	{"applied": 192, "products": 225}
fixtures2/behavior/receive_binary_pattern.fz	{"applied": 199, "products": 227}	{"applied": 202, "products": 227}
fixtures2/behavior/receive_bitstring_matcher.fz	{"applied": 199, "products": 188}	{"applied": 202, "products": 188}
fixtures2/behavior/receive_float_pattern.fz	{"applied": 199, "products": 227}	{"applied": 202, "products": 227}
fixtures2/behavior/receive_interleaved_tuple_arity.fz	{"applied": 295, "products": 330}	{"applied": 298, "products": 330}
fixtures2/behavior/receive_list_cons_pattern.fz	{"applied": 295, "products": 330}	{"applied": 298, "products": 330}
fixtures2/behavior/receive_map_heap_keys.fz	{"applied": 211, "products": 268}	{"applied": 214, "products": 268}
fixtures2/behavior/receive_map_pattern.fz	{"applied": 295, "products": 326}	{"applied": 298, "products": 326}
fixtures2/behavior/receive_mixed_constructors.fz	{"applied": 199, "products": 177}	{"applied": 202, "products": 177}
fixtures2/behavior/receive_selective_refs.fz	{"applied": 435, "products": 452}	{"applied": 441, "products": 452}
fixtures2/behavior/receive_shared_tuple_arity.fz	{"applied": 338, "products": 332}	{"applied": 345, "products": 332}
fixtures2/behavior/reduce_users_key_apart_by_element.fz	{"applied": 570, "products": 920}	{"applied": 579, "products": 920}
fixtures2/behavior/reduce_users_key_apart_by_element_flipped.fz	{"applied": 570, "products": 920}	{"applied": 579, "products": 920}
fixtures2/behavior/refute_abort_message.fz	{"applied": 168, "products": 145}	{"applied": 172, "products": 145}
fixtures2/behavior/relay.fz	{"applied": 375, "products": 321}	{"applied": 384, "products": 321}
fixtures2/behavior/repr_seam_closure_predicate.fz	{"applied": 382, "products": 614}	{"applied": 390, "products": 614}
fixtures2/behavior/repr_seam_enum_count_after_reduce2.fz	{"applied": 567, "products": 669}	{"applied": 577, "products": 669}
fixtures2/behavior/resource_index_payload_private.fz	{"applied": 216, "products": 194}	{"applied": 219, "products": 194}
fixtures2/behavior/resource_lifecycle.fz	{"applied": 257, "products": 283}	{"applied": 261, "products": 283}
fixtures2/behavior/returned_tuple_field_keys_its_users_apart.fz	{"applied": 297, "products": 369}	{"applied": 304, "products": 369}
fixtures2/behavior/reverse.fz	{"applied": 306, "products": 323}	{"applied": 310, "products": 323}
fixtures2/behavior/same_lambda_two_capture_types.fz	{"applied": 480, "products": 725}	{"applied": 486, "products": 725}
fixtures2/behavior/same_lambda_two_capture_types_dynamic.fz	{"applied": 671, "products": 683}	{"applied": 679, "products": 683}
fixtures2/behavior/shared_heap_send_large_bitstring.fz	{"applied": 241, "products": 258}	{"applied": 247, "products": 258}
fixtures2/behavior/spawn2_basic.fz	{"applied": 308, "products": 256}	{"applied": 315, "products": 256}
fixtures2/behavior/spawn_with_captures.fz	{"applied": 303, "products": 248}	{"applied": 310, "products": 248}
fixtures2/behavior/spec_boundary.fz	{"applied": 188, "products": 149}	{"applied": 194, "products": 149}
fixtures2/behavior/spec_ok.fz	{"applied": 211, "products": 177}	{"applied": 217, "products": 177}
fixtures2/behavior/spec_polymorphic_clause_set_coverage.fz	{"applied": 147, "products": 152}	{"applied": 149, "products": 152}
fixtures2/behavior/spec_shared_var_self_composition.fz	{"applied": 203, "products": 273}	{"applied": 205, "products": 273}
fixtures2/behavior/static_closure_each.fz	{"applied": 493, "products": 526}	{"applied": 504, "products": 526}
fixtures2/behavior/struct_type_dispatch.fz	{"applied": 153, "products": 160}	{"applied": 155, "products": 160}
fixtures2/behavior/tail_recursion.fz	{"applied": 324, "products": 249}	{"applied": 335, "products": 249}
fixtures2/behavior/tailcall_closure_captures.fz	{"applied": 207, "products": 181}	{"applied": 213, "products": 181}
fixtures2/behavior/three_process_chain.fz	{"applied": 417, "products": 353}	{"applied": 427, "products": 353}
fixtures2/behavior/tree.fz	{"applied": 317, "products": 417}	{"applied": 320, "products": 417}
fixtures2/behavior/type_dispatch.fz	{"applied": 208, "products": 214}	{"applied": 212, "products": 214}
fixtures2/behavior/unused_range_binding.fz	{"applied": 1079, "products": 1072}	{"applied": 1122, "products": 1072}
fixtures2/behavior/utf8_equality.fz	{"applied": 192, "products": 190}	{"applied": 196, "products": 190}
fixtures2/behavior/utf8_literal_print.fz	{"applied": 100, "products": 83}	{"applied": 102, "products": 83}
fixtures2/behavior/utf8_pattern_match.fz	{"applied": 215, "products": 258}	{"applied": 219, "products": 258}
fixtures2/behavior/utf8_smart_constructor.fz	{"applied": 257, "products": 259}	{"applied": 262, "products": 259}
fixtures2/behavior/vr1_int_arith.fz	{"applied": 302, "products": 201}	{"applied": 314, "products": 201}
fixtures2/behavior/vr2_float_arith.fz	{"applied": 358, "products": 266}	{"applied": 371, "products": 266}
fixtures2/behavior/vr3_4_typed_capture.fz	{"applied": 270, "products": 190}	{"applied": 279, "products": 190}
fixtures2/behavior/vr3_float_args.fz	{"applied": 250, "products": 183}	{"applied": 259, "products": 183}
fixtures2/behavior/vr3_int_args.fz	{"applied": 186, "products": 150}	{"applied": 192, "products": 150}
fixtures2/behavior/vr4_2_native_call.fz	{"applied": 186, "products": 134}	{"applied": 192, "products": 134}
fixtures2/behavior/vr5a_cross_kind_eq.fz	{"applied": 144, "products": 119}	{"applied": 147, "products": 119}
fixtures2/behavior/vr5a_typed_eq.fz	{"applied": 170, "products": 212}	{"applied": 173, "products": 212}
fixtures2/behavior/vr5b_typed_print.fz	{"applied": 220, "products": 175}	{"applied": 225, "products": 175}
fixtures2/behavior/wildcard_then_specific.fz	{"applied": 209, "products": 222}	{"applied": 213, "products": 222}
fixtures2/behavior/with_index_users_keep_nested_list_elements.fz	{"applied": 862, "products": 1477}	{"applied": 875, "products": 1477}
fixtures2/behavior/with_index_users_key_apart_by_element.fz	{"applied": 872, "products": 1462}	{"applied": 886, "products": 1462}
